date,country,arrivals,is_covid
2008-01-01,Australia,82778,0
2008-02-01,Australia,52457,0
2008-03-01,Australia,61681,0
2008-04-01,Australia,63079,0
2008-05-01,Australia,65901,0
2008-06-01,Australia,73802,0
2008-07-01,Australia,79776,0
2008-08-01,Australia,65465,0
2008-09-01,Australia,72816,0
2008-10-01,Australia,75866,0
2008-11-01,Australia,60257,0
2008-12-01,Australia,79278,0
2009-01-01,Australia,80008,0
2009-02-01,Australia,51144,0
2009-03-01,Australia,54821,0
2009-04-01,Australia,65046,0
2009-05-01,Australia,59136,0
2009-06-01,Australia,65796,0
2009-07-01,Australia,79439,0
2009-08-01,Australia,67152,0
2009-09-01,Australia,73407,0
2009-10-01,Australia,81622,0
2009-11-01,Australia,68570,0
2009-12-01,Australia,84158,0
2010-01-01,Australia,89584,0
2010-02-01,Australia,55364,0
2010-03-01,Australia,63659,0
2010-04-01,Australia,70079,0
2010-05-01,Australia,63517,0
2010-06-01,Australia,74597,0
2010-07-01,Australia,87289,0
2010-08-01,Australia,68222,0
2010-09-01,Australia,80293,0
2010-10-01,Australia,77097,0
2010-11-01,Australia,64152,0
2010-12-01,Australia,86705,0
2011-01-01,Australia,98023,0
2011-02-01,Australia,58135,0
2011-03-01,Australia,65885,0
2011-04-01,Australia,85297,0
2011-05-01,Australia,72365,0
2011-06-01,Australia,84371,0
2011-07-01,Australia,94690,0
2011-08-01,Australia,71953,0
2011-09-01,Australia,86076,0
2011-10-01,Australia,84509,0
2011-11-01,Australia,70012,0
2011-12-01,Australia,84723,0
2012-01-01,Australia,94946,0
2012-02-01,Australia,63878,0
2012-03-01,Australia,70960,0
2012-04-01,Australia,81927,0
2012-05-01,Australia,72641,0
2012-06-01,Australia,92951,0
2012-07-01,Australia,105570,0
2012-08-01,Australia,79292,0
2012-09-01,Australia,100891,0
2012-10-01,Australia,100138,0
2012-11-01,Australia,83972,0
2012-12-01,Australia,103207,0
2013-01-01,Australia,119592,0
2013-02-01,Australia,69470,0
2013-03-01,Australia,87652,0
2013-04-01,Australia,94285,0
2013-05-01,Australia,84444,0
2013-06-01,Australia,91231,0
2013-07-01,Australia,112743,0
2013-08-01,Australia,79221,0
2013-09-01,Australia,105179,0
2013-10-01,Australia,96454,0
2013-11-01,Australia,78324,0
2013-12-01,Australia,106584,0
2014-01-01,Australia,126119,0
2014-02-01,Australia,69119,0
2014-03-01,Australia,74578,0
2014-04-01,Australia,99811,0
2014-05-01,Australia,78280,0
2014-06-01,Australia,81558,0
2014-07-01,Australia,106641,0
2014-08-01,Australia,82448,0
2014-09-01,Australia,97642,0
2014-10-01,Australia,87565,0
2014-11-01,Australia,73262,0
2014-12-01,Australia,97855,0
2015-01-01,Australia,115584,0
2015-02-01,Australia,65009,0
2015-03-01,Australia,70708,0
2015-04-01,Australia,83497,0
2015-05-01,Australia,73965,0
2015-06-01,Australia,82755,0
2015-07-01,Australia,97583,0
2015-08-01,Australia,83063,0
2015-09-01,Australia,97071,0
2015-10-01,Australia,96340,0
2015-11-01,Australia,76369,0
2015-12-01,Australia,101624,0
2016-01-01,Australia,117073,0
2016-02-01,Australia,61900,0
2016-03-01,Australia,78701,0
2016-04-01,Australia,93320,0
2016-05-01,Australia,64175,0
2016-06-01,Australia,77805,0
2016-07-01,Australia,103689,0
2016-08-01,Australia,78888,0
2016-09-01,Australia,92210,0
2016-10-01,Australia,85395,0
2016-11-01,Australia,73308,0
2016-12-01,Australia,100849,0
2017-01-01,Australia,115930,0
2017-02-01,Australia,71416,0
2017-03-01,Australia,85040,0
2017-04-01,Australia,93927,0
2017-05-01,Australia,71970,0
2017-06-01,Australia,84840,0
2017-07-01,Australia,104873,0
2017-08-01,Australia,75171,0
2017-09-01,Australia,100987,0
2017-10-01,Australia,90940,0
2017-11-01,Australia,81822,0
2017-12-01,Australia,105085,0
2018-01-01,Australia,114846,0
2018-02-01,Australia,63229,0
2018-03-01,Australia,87152,0
2018-04-01,Australia,99046,0
2018-05-01,Australia,78210,0
2018-06-01,Australia,90665,0
2018-07-01,Australia,108107,0
2018-08-01,Australia,83185,0
2018-09-01,Australia,107933,0
2018-10-01,Australia,95096,0
2018-11-01,Australia,74827,0
2018-12-01,Australia,104928,0
2019-01-01,Australia,122672,0
2019-02-01,Australia,66199,0
2019-03-01,Australia,73841,0
2019-04-01,Australia,107503,0
2019-05-01,Australia,80476,0
2019-06-01,Australia,87793,0
2019-07-01,Australia,107383,0
2019-08-01,Australia,84023,0
2019-09-01,Australia,109506,0
2019-10-01,Australia,97092,0
2019-11-01,Australia,89052,0
2019-12-01,Australia,117796,0
2020-01-01,Australia,130626,0
2020-02-01,Australia,54791,1
2020-03-01,Australia,18736,1
2020-04-01,Australia,7,1
2020-05-01,Australia,16,1
2020-06-01,Australia,63,1
2020-07-01,Australia,131,1
2020-08-01,Australia,166,1
2020-09-01,Australia,155,1
2020-10-01,Australia,223,1
2020-11-01,Australia,438,1
2020-12-01,Australia,887,1
2021-01-01,Australia,579,1
2021-02-01,Australia,234,1
2021-03-01,Australia,274,1
2021-04-01,Australia,242,1
2021-05-01,Australia,250,1
2021-06-01,Australia,193,1
2021-07-01,Australia,289,1
2021-08-01,Australia,301,1
2021-09-01,Australia,278,1
2021-10-01,Australia,263,1
2021-11-01,Australia,1624,1
2021-12-01,Australia,5525,1
2022-01-01,Australia,3759,0
2022-02-01,Australia,4546,0
2022-03-01,Australia,7883,0
2022-04-01,Australia,27380,0
2022-05-01,Australia,31406,0
2022-06-01,Australia,50412,0
2022-07-01,Australia,68378,0
2022-08-01,Australia,56917,0
2022-09-01,Australia,83070,0
2022-10-01,Australia,73728,0
2022-11-01,Australia,69046,0
2022-12-01,Australia,89159,0
2023-01-01,Australia,102888,0
2023-02-01,Australia,72385,0
2023-03-01,Australia,74268,0
2023-04-01,Australia,92937,0
2023-05-01,Australia,79700,0
2023-06-01,Australia,90770,0
2023-07-01,Australia,98408,0
2023-08-01,Australia,80605,0
2023-09-01,Australia,104497,0
2023-10-01,Australia,88033,0
2023-11-01,Australia,88201,0
2023-12-01,Australia,112197,0
2024-01-01,Australia,124104,0
2024-02-01,Australia,79386,0
2024-03-01,Australia,90438,0
2024-04-01,Australia,96752,0
2024-05-01,Australia,79588,0
2024-06-01,Australia,88043,0
2024-07-01,Australia,105660,0
2024-08-01,Australia,82959,0
2024-09-01,Australia,110930,0
2024-10-01,Australia,100935,0
2024-11-01,Australia,92661,0
2024-12-01,Australia,122321,0
2025-01-01,Australia,141337,0
2025-02-01,Australia,85012,0
2025-03-01,Australia,81781,0
2025-04-01,Australia,116848,0
2025-05-01,Australia,90145,0
2025-06-01,Australia,90887,0
2025-07-01,Australia,121503,0
2025-08-01,Australia,84925,0
2025-09-01,Australia,107322,0
2025-10-01,Australia,116372,0
2025-11-01,Australia,103828,0
2025-12-01,Australia,127468,0
2026-01-01,Australia,140780,0
2008-01-01,Bangladesh,7252,0
2008-02-01,Bangladesh,6700,0
2008-03-01,Bangladesh,7986,0
2008-04-01,Bangladesh,7718,0
2008-05-01,Bangladesh,8495,0
2008-06-01,Bangladesh,8853,0
2008-07-01,Bangladesh,9581,0
2008-08-01,Bangladesh,8481,0
2008-09-01,Bangladesh,7914,0
2008-10-01,Bangladesh,8167,0
2008-11-01,Bangladesh,7379,0
2008-12-01,Bangladesh,7292,0
2009-01-01,Bangladesh,6209,0
2009-02-01,Bangladesh,6299,0
2009-03-01,Bangladesh,6699,0
2009-04-01,Bangladesh,6521,0
2009-05-01,Bangladesh,6427,0
2009-06-01,Bangladesh,7387,0
2009-07-01,Bangladesh,9521,0
2009-08-01,Bangladesh,7442,0
2009-09-01,Bangladesh,7105,0
2009-10-01,Bangladesh,8291,0
2009-11-01,Bangladesh,6735,0
2009-12-01,Bangladesh,8001,0
2010-01-01,Bangladesh,7762,0
2010-02-01,Bangladesh,5726,0
2010-03-01,Bangladesh,7747,0
2010-04-01,Bangladesh,7529,0
2010-05-01,Bangladesh,7704,0
2010-06-01,Bangladesh,8524,0
2010-07-01,Bangladesh,9373,0
2010-08-01,Bangladesh,7144,0
2010-09-01,Bangladesh,7942,0
2010-10-01,Bangladesh,7543,0
2010-11-01,Bangladesh,7439,0
2010-12-01,Bangladesh,7879,0
2011-01-01,Bangladesh,8228,0
2011-02-01,Bangladesh,6368,0
2011-03-01,Bangladesh,8133,0
2011-04-01,Bangladesh,7707,0
2011-05-01,Bangladesh,7830,0
2011-06-01,Bangladesh,7984,0
2011-07-01,Bangladesh,9038,0
2011-08-01,Bangladesh,7316,0
2011-09-01,Bangladesh,8866,0
2011-10-01,Bangladesh,8085,0
2011-11-01,Bangladesh,7610,0
2011-12-01,Bangladesh,8366,0
2012-01-01,Bangladesh,7250,0
2012-02-01,Bangladesh,7639,0
2012-03-01,Bangladesh,8951,0
2012-04-01,Bangladesh,9279,0
2012-05-01,Bangladesh,9231,0
2012-06-01,Bangladesh,9782,0
2012-07-01,Bangladesh,10330,0
2012-08-01,Bangladesh,9707,0
2012-09-01,Bangladesh,10030,0
2012-10-01,Bangladesh,9456,0
2012-11-01,Bangladesh,8922,0
2012-12-01,Bangladesh,10096,0
2013-01-01,Bangladesh,10584,0
2013-02-01,Bangladesh,7379,0
2013-03-01,Bangladesh,9617,0
2013-04-01,Bangladesh,9832,0
2013-05-01,Bangladesh,9611,0
2013-06-01,Bangladesh,10360,0
2013-07-01,Bangladesh,11364,0
2013-08-01,Bangladesh,10463,0
2013-09-01,Bangladesh,9589,0
2013-10-01,Bangladesh,9843,0
2013-11-01,Bangladesh,9899,0
2013-12-01,Bangladesh,10783,0
2014-01-01,Bangladesh,10428,0
2014-02-01,Bangladesh,9343,0
2014-03-01,Bangladesh,10721,0
2014-04-01,Bangladesh,9817,0
2014-05-01,Bangladesh,9853,0
2014-06-01,Bangladesh,11100,0
2014-07-01,Bangladesh,10108,0
2014-08-01,Bangladesh,11690,0
2014-09-01,Bangladesh,9486,0
2014-10-01,Bangladesh,10722,0
2014-11-01,Bangladesh,10027,0
2014-12-01,Bangladesh,11631,0
2015-01-01,Bangladesh,10923,0
2015-02-01,Bangladesh,7960,0
2015-03-01,Bangladesh,10186,0
2015-04-01,Bangladesh,9809,0
2015-05-01,Bangladesh,10447,0
2015-06-01,Bangladesh,9737,0
2015-07-01,Bangladesh,11793,0
2015-08-01,Bangladesh,10353,0
2015-09-01,Bangladesh,10159,0
2015-10-01,Bangladesh,10394,0
2015-11-01,Bangladesh,9272,0
2015-12-01,Bangladesh,11554,0
2016-01-01,Bangladesh,11151,0
2016-02-01,Bangladesh,8445,0
2016-03-01,Bangladesh,10845,0
2016-04-01,Bangladesh,10303,0
2016-05-01,Bangladesh,10700,0
2016-06-01,Bangladesh,8949,0
2016-07-01,Bangladesh,12303,0
2016-08-01,Bangladesh,9694,0
2016-09-01,Bangladesh,10081,0
2016-10-01,Bangladesh,10078,0
2016-11-01,Bangladesh,9830,0
2016-12-01,Bangladesh,10960,0
2017-01-01,Bangladesh,9712,0
2017-02-01,Bangladesh,8788,0
2017-03-01,Bangladesh,10218,0
2017-04-01,Bangladesh,8949,0
2017-05-01,Bangladesh,9548,0
2017-06-01,Bangladesh,9972,0
2017-07-01,Bangladesh,11416,0
2017-08-01,Bangladesh,9652,0
2017-09-01,Bangladesh,11277,0
2017-10-01,Bangladesh,9555,0
2017-11-01,Bangladesh,9023,0
2017-12-01,Bangladesh,12479,0
2018-01-01,Bangladesh,11716,0
2018-02-01,Bangladesh,9397,0
2018-03-01,Bangladesh,11243,0
2018-04-01,Bangladesh,10084,0
2018-05-01,Bangladesh,9341,0
2018-06-01,Bangladesh,11161,0
2018-07-01,Bangladesh,10784,0
2018-08-01,Bangladesh,11010,0
2018-09-01,Bangladesh,10074,0
2018-10-01,Bangladesh,11206,0
2018-11-01,Bangladesh,9001,0
2018-12-01,Bangladesh,11297,0
2019-01-01,Bangladesh,9960,0
2019-02-01,Bangladesh,9321,0
2019-03-01,Bangladesh,10894,0
2019-04-01,Bangladesh,11091,0
2019-05-01,Bangladesh,9595,0
2019-06-01,Bangladesh,13393,0
2019-07-01,Bangladesh,12564,0
2019-08-01,Bangladesh,11808,0
2019-09-01,Bangladesh,10698,0
2019-10-01,Bangladesh,12810,0
2019-11-01,Bangladesh,11040,0
2019-12-01,Bangladesh,13812,0
2020-01-01,Bangladesh,11631,0
2020-02-01,Bangladesh,6054,1
2020-03-01,Bangladesh,3738,1
2020-04-01,Bangladesh,4,1
2020-05-01,Bangladesh,1,1
2020-06-01,Bangladesh,11,1
2020-07-01,Bangladesh,3,1
2020-08-01,Bangladesh,35,1
2020-09-01,Bangladesh,36,1
2020-10-01,Bangladesh,52,1
2020-11-01,Bangladesh,65,1
2020-12-01,Bangladesh,267,1
2021-01-01,Bangladesh,1027,1
2021-02-01,Bangladesh,1203,1
2021-03-01,Bangladesh,2736,1
2021-04-01,Bangladesh,1700,1
2021-05-01,Bangladesh,32,1
2021-06-01,Bangladesh,3,1
2021-07-01,Bangladesh,1,1
2021-08-01,Bangladesh,2,1
2021-09-01,Bangladesh,385,1
2021-10-01,Bangladesh,1079,1
2021-11-01,Bangladesh,4170,1
2021-12-01,Bangladesh,5559,1
2022-01-01,Bangladesh,4893,0
2022-02-01,Bangladesh,3361,0
2022-03-01,Bangladesh,7480,0
2022-04-01,Bangladesh,7595,0
2022-05-01,Bangladesh,6352,0
2022-06-01,Bangladesh,7352,0
2022-07-01,Bangladesh,13119,0
2022-08-01,Bangladesh,10828,0
2022-09-01,Bangladesh,10694,0
2022-10-01,Bangladesh,10975,0
2022-11-01,Bangladesh,10481,0
2022-12-01,Bangladesh,9857,0
2023-01-01,Bangladesh,8789,0
2023-02-01,Bangladesh,8006,0
2023-03-01,Bangladesh,9711,0
2023-04-01,Bangladesh,9824,0
2023-05-01,Bangladesh,9529,0
2023-06-01,Bangladesh,9685,0
2023-07-01,Bangladesh,11100,0
2023-08-01,Bangladesh,11124,0
2023-09-01,Bangladesh,10240,0
2023-10-01,Bangladesh,10721,0
2023-11-01,Bangladesh,10118,0
2023-12-01,Bangladesh,11743,0
2024-01-01,Bangladesh,10332,0
2024-02-01,Bangladesh,8792,0
2024-03-01,Bangladesh,8616,0
2024-04-01,Bangladesh,11707,0
2024-05-01,Bangladesh,10959,0
2024-06-01,Bangladesh,12594,0
2024-07-01,Bangladesh,12236,0
2024-08-01,Bangladesh,11027,0
2024-09-01,Bangladesh,11473,0
2024-10-01,Bangladesh,12938,0
2024-11-01,Bangladesh,11092,0
2024-12-01,Bangladesh,13441,0
2025-01-01,Bangladesh,12532,0
2025-02-01,Bangladesh,10851,0
2025-03-01,Bangladesh,11219,0
2025-04-01,Bangladesh,13591,0
2025-05-01,Bangladesh,12456,0
2025-06-01,Bangladesh,14023,0
2025-07-01,Bangladesh,13576,0
2025-08-01,Bangladesh,13833,0
2025-09-01,Bangladesh,14045,0
2025-10-01,Bangladesh,14389,0
2025-11-01,Bangladesh,12430,0
2025-12-01,Bangladesh,14014,0
2026-01-01,Bangladesh,12247,0
2008-01-01,Belgium & Luxembourg,1574,0
2008-02-01,Belgium & Luxembourg,1672,0
2008-03-01,Belgium & Luxembourg,2152,0
2008-04-01,Belgium & Luxembourg,1598,0
2008-05-01,Belgium & Luxembourg,1449,0
2008-06-01,Belgium & Luxembourg,1409,0
2008-07-01,Belgium & Luxembourg,2243,0
2008-08-01,Belgium & Luxembourg,2108,0
2008-09-01,Belgium & Luxembourg,1440,0
2008-10-01,Belgium & Luxembourg,1563,0
2008-11-01,Belgium & Luxembourg,2033,0
2008-12-01,Belgium & Luxembourg,1859,0
2009-01-01,Belgium & Luxembourg,1472,0
2009-02-01,Belgium & Luxembourg,1447,0
2009-03-01,Belgium & Luxembourg,1868,0
2009-04-01,Belgium & Luxembourg,1946,0
2009-05-01,Belgium & Luxembourg,1316,0
2009-06-01,Belgium & Luxembourg,1447,0
2009-07-01,Belgium & Luxembourg,2387,0
2009-08-01,Belgium & Luxembourg,2254,0
2009-09-01,Belgium & Luxembourg,1707,0
2009-10-01,Belgium & Luxembourg,1806,0
2009-11-01,Belgium & Luxembourg,1967,0
2009-12-01,Belgium & Luxembourg,1748,0
2010-01-01,Belgium & Luxembourg,1954,0
2010-02-01,Belgium & Luxembourg,1882,0
2010-03-01,Belgium & Luxembourg,2249,0
2010-04-01,Belgium & Luxembourg,2089,0
2010-05-01,Belgium & Luxembourg,1542,0
2010-06-01,Belgium & Luxembourg,1535,0
2010-07-01,Belgium & Luxembourg,2625,0
2010-08-01,Belgium & Luxembourg,2542,0
2010-09-01,Belgium & Luxembourg,1878,0
2010-10-01,Belgium & Luxembourg,1977,0
2010-11-01,Belgium & Luxembourg,2168,0
2010-12-01,Belgium & Luxembourg,1958,0
2011-01-01,Belgium & Luxembourg,2059,0
2011-02-01,Belgium & Luxembourg,1755,0
2011-03-01,Belgium & Luxembourg,2452,0
2011-04-01,Belgium & Luxembourg,2198,0
2011-05-01,Belgium & Luxembourg,1623,0
2011-06-01,Belgium & Luxembourg,1498,0
2011-07-01,Belgium & Luxembourg,2683,0
2011-08-01,Belgium & Luxembourg,2464,0
2011-09-01,Belgium & Luxembourg,1819,0
2011-10-01,Belgium & Luxembourg,2222,0
2011-11-01,Belgium & Luxembourg,2181,0
2011-12-01,Belgium & Luxembourg,2025,0
2012-01-01,Belgium & Luxembourg,2153,0
2012-02-01,Belgium & Luxembourg,2392,0
2012-03-01,Belgium & Luxembourg,2610,0
2012-04-01,Belgium & Luxembourg,2637,0
2012-05-01,Belgium & Luxembourg,1661,0
2012-06-01,Belgium & Luxembourg,1669,0
2012-07-01,Belgium & Luxembourg,2884,0
2012-08-01,Belgium & Luxembourg,2692,0
2012-09-01,Belgium & Luxembourg,1970,0
2012-10-01,Belgium & Luxembourg,2046,0
2012-11-01,Belgium & Luxembourg,2188,0
2012-12-01,Belgium & Luxembourg,1922,0
2013-01-01,Belgium & Luxembourg,2185,0
2013-02-01,Belgium & Luxembourg,1973,0
2013-03-01,Belgium & Luxembourg,2712,0
2013-04-01,Belgium & Luxembourg,2025,0
2013-05-01,Belgium & Luxembourg,1850,0
2013-06-01,Belgium & Luxembourg,1735,0
2013-07-01,Belgium & Luxembourg,3049,0
2013-08-01,Belgium & Luxembourg,2838,0
2013-09-01,Belgium & Luxembourg,2051,0
2013-10-01,Belgium & Luxembourg,2219,0
2013-11-01,Belgium & Luxembourg,2390,0
2013-12-01,Belgium & Luxembourg,2325,0
2014-01-01,Belgium & Luxembourg,2220,0
2014-02-01,Belgium & Luxembourg,2482,0
2014-03-01,Belgium & Luxembourg,2821,0
2014-04-01,Belgium & Luxembourg,2664,0
2014-05-01,Belgium & Luxembourg,1792,0
2014-06-01,Belgium & Luxembourg,1654,0
2014-07-01,Belgium & Luxembourg,2987,0
2014-08-01,Belgium & Luxembourg,2946,0
2014-09-01,Belgium & Luxembourg,2233,0
2014-10-01,Belgium & Luxembourg,2029,0
2014-11-01,Belgium & Luxembourg,2546,0
2014-12-01,Belgium & Luxembourg,2321,0
2015-01-01,Belgium & Luxembourg,2063,0
2015-02-01,Belgium & Luxembourg,1968,0
2015-03-01,Belgium & Luxembourg,2594,0
2015-04-01,Belgium & Luxembourg,2369,0
2015-05-01,Belgium & Luxembourg,1765,0
2015-06-01,Belgium & Luxembourg,1599,0
2015-07-01,Belgium & Luxembourg,3225,0
2015-08-01,Belgium & Luxembourg,2905,0
2015-09-01,Belgium & Luxembourg,2155,0
2015-10-01,Belgium & Luxembourg,2336,0
2015-11-01,Belgium & Luxembourg,2271,0
2015-12-01,Belgium & Luxembourg,2329,0
2016-01-01,Belgium & Luxembourg,2289,0
2016-02-01,Belgium & Luxembourg,2503,0
2016-03-01,Belgium & Luxembourg,2760,0
2016-04-01,Belgium & Luxembourg,2411,0
2016-05-01,Belgium & Luxembourg,1848,0
2016-06-01,Belgium & Luxembourg,1586,0
2016-07-01,Belgium & Luxembourg,3310,0
2016-08-01,Belgium & Luxembourg,3147,0
2016-09-01,Belgium & Luxembourg,2282,0
2016-10-01,Belgium & Luxembourg,2565,0
2016-11-01,Belgium & Luxembourg,2491,0
2016-12-01,Belgium & Luxembourg,2166,0
2017-01-01,Belgium & Luxembourg,2336,0
2017-02-01,Belgium & Luxembourg,2431,0
2017-03-01,Belgium & Luxembourg,2678,0
2017-04-01,Belgium & Luxembourg,2955,0
2017-05-01,Belgium & Luxembourg,1758,0
2017-06-01,Belgium & Luxembourg,1741,0
2017-07-01,Belgium & Luxembourg,4055,0
2017-08-01,Belgium & Luxembourg,3249,0
2017-09-01,Belgium & Luxembourg,2500,0
2017-10-01,Belgium & Luxembourg,2425,0
2017-11-01,Belgium & Luxembourg,2454,0
2017-12-01,Belgium & Luxembourg,2218,0
2018-01-01,Belgium & Luxembourg,2482,0
2018-02-01,Belgium & Luxembourg,2591,0
2018-03-01,Belgium & Luxembourg,3029,0
2018-04-01,Belgium & Luxembourg,2938,0
2018-05-01,Belgium & Luxembourg,1874,0
2018-06-01,Belgium & Luxembourg,1845,0
2018-07-01,Belgium & Luxembourg,4902,0
2018-08-01,Belgium & Luxembourg,4142,0
2018-09-01,Belgium & Luxembourg,2586,0
2018-10-01,Belgium & Luxembourg,2670,0
2018-11-01,Belgium & Luxembourg,2727,0
2018-12-01,Belgium & Luxembourg,2481,0
2019-01-01,Belgium & Luxembourg,2632,0
2019-02-01,Belgium & Luxembourg,2489,0
2019-03-01,Belgium & Luxembourg,2800,0
2019-04-01,Belgium & Luxembourg,3530,0
2019-05-01,Belgium & Luxembourg,1967,0
2019-06-01,Belgium & Luxembourg,1860,0
2019-07-01,Belgium & Luxembourg,4483,0
2019-08-01,Belgium & Luxembourg,4092,0
2019-09-01,Belgium & Luxembourg,2677,0
2019-10-01,Belgium & Luxembourg,2576,0
2019-11-01,Belgium & Luxembourg,2820,0
2019-12-01,Belgium & Luxembourg,2536,0
2020-01-01,Belgium & Luxembourg,2704,0
2020-02-01,Belgium & Luxembourg,2444,1
2020-03-01,Belgium & Luxembourg,819,1
2020-04-01,Belgium & Luxembourg,0,1
2020-05-01,Belgium & Luxembourg,3,1
2020-06-01,Belgium & Luxembourg,3,1
2020-07-01,Belgium & Luxembourg,19,1
2020-08-01,Belgium & Luxembourg,15,1
2020-09-01,Belgium & Luxembourg,12,1
2020-10-01,Belgium & Luxembourg,16,1
2020-11-01,Belgium & Luxembourg,10,1
2020-12-01,Belgium & Luxembourg,14,1
2021-01-01,Belgium & Luxembourg,24,1
2021-02-01,Belgium & Luxembourg,22,1
2021-03-01,Belgium & Luxembourg,14,1
2021-04-01,Belgium & Luxembourg,26,1
2021-05-01,Belgium & Luxembourg,26,1
2021-06-01,Belgium & Luxembourg,6,1
2021-07-01,Belgium & Luxembourg,23,1
2021-08-01,Belgium & Luxembourg,40,1
2021-09-01,Belgium & Luxembourg,33,1
2021-10-01,Belgium & Luxembourg,22,1
2021-11-01,Belgium & Luxembourg,51,1
2021-12-01,Belgium & Luxembourg,68,1
2022-01-01,Belgium & Luxembourg,61,0
2022-02-01,Belgium & Luxembourg,70,0
2022-03-01,Belgium & Luxembourg,214,0
2022-04-01,Belgium & Luxembourg,564,0
2022-05-01,Belgium & Luxembourg,765,0
2022-06-01,Belgium & Luxembourg,885,0
2022-07-01,Belgium & Luxembourg,2206,0
2022-08-01,Belgium & Luxembourg,2256,0
2022-09-01,Belgium & Luxembourg,2190,0
2022-10-01,Belgium & Luxembourg,1730,0
2022-11-01,Belgium & Luxembourg,1965,0
2022-12-01,Belgium & Luxembourg,1458,0
2023-01-01,Belgium & Luxembourg,1707,0
2023-02-01,Belgium & Luxembourg,2079,0
2023-03-01,Belgium & Luxembourg,2215,0
2023-04-01,Belgium & Luxembourg,2144,0
2023-05-01,Belgium & Luxembourg,2066,0
2023-06-01,Belgium & Luxembourg,1646,0
2023-07-01,Belgium & Luxembourg,3995,0
2023-08-01,Belgium & Luxembourg,3466,0
2023-09-01,Belgium & Luxembourg,2850,0
2023-10-01,Belgium & Luxembourg,2371,0
2023-11-01,Belgium & Luxembourg,2469,0
2023-12-01,Belgium & Luxembourg,1912,0
2024-01-01,Belgium & Luxembourg,2302,0
2024-02-01,Belgium & Luxembourg,2444,0
2024-03-01,Belgium & Luxembourg,2741,0
2024-04-01,Belgium & Luxembourg,2969,0
2024-05-01,Belgium & Luxembourg,2631,0
2024-06-01,Belgium & Luxembourg,2252,0
2024-07-01,Belgium & Luxembourg,5327,0
2024-08-01,Belgium & Luxembourg,4458,0
2024-09-01,Belgium & Luxembourg,3334,0
2024-10-01,Belgium & Luxembourg,2865,0
2024-11-01,Belgium & Luxembourg,2906,0
2024-12-01,Belgium & Luxembourg,2533,0
2025-01-01,Belgium & Luxembourg,2634,0
2025-02-01,Belgium & Luxembourg,2871,0
2025-03-01,Belgium & Luxembourg,2813,0
2025-04-01,Belgium & Luxembourg,3139,0
2025-05-01,Belgium & Luxembourg,2470,0
2025-06-01,Belgium & Luxembourg,2238,0
2025-07-01,Belgium & Luxembourg,5708,0
2025-08-01,Belgium & Luxembourg,4703,0
2025-09-01,Belgium & Luxembourg,3008,0
2025-10-01,Belgium & Luxembourg,3033,0
2025-11-01,Belgium & Luxembourg,2965,0
2025-12-01,Belgium & Luxembourg,2570,0
2026-01-01,Belgium & Luxembourg,2686,0
2008-01-01,Brunei Darussalam,4126,0
2008-02-01,Brunei Darussalam,3338,0
2008-03-01,Brunei Darussalam,5406,0
2008-04-01,Brunei Darussalam,3409,0
2008-05-01,Brunei Darussalam,3927,0
2008-06-01,Brunei Darussalam,5959,0
2008-07-01,Brunei Darussalam,4505,0
2008-08-01,Brunei Darussalam,4627,0
2008-09-01,Brunei Darussalam,3569,0
2008-10-01,Brunei Darussalam,3340,0
2008-11-01,Brunei Darussalam,3989,0
2008-12-01,Brunei Darussalam,8090,0
2009-01-01,Brunei Darussalam,4080,0
2009-02-01,Brunei Darussalam,3421,0
2009-03-01,Brunei Darussalam,5390,0
2009-04-01,Brunei Darussalam,3759,0
2009-05-01,Brunei Darussalam,3935,0
2009-06-01,Brunei Darussalam,5618,0
2009-07-01,Brunei Darussalam,3598,0
2009-08-01,Brunei Darussalam,3520,0
2009-09-01,Brunei Darussalam,4257,0
2009-10-01,Brunei Darussalam,3988,0
2009-11-01,Brunei Darussalam,5260,0
2009-12-01,Brunei Darussalam,9705,0
2010-01-01,Brunei Darussalam,5245,0
2010-02-01,Brunei Darussalam,4139,0
2010-03-01,Brunei Darussalam,5692,0
2010-04-01,Brunei Darussalam,3943,0
2010-05-01,Brunei Darussalam,4796,0
2010-06-01,Brunei Darussalam,5953,0
2010-07-01,Brunei Darussalam,5578,0
2010-08-01,Brunei Darussalam,4244,0
2010-09-01,Brunei Darussalam,4628,0
2010-10-01,Brunei Darussalam,3750,0
2010-11-01,Brunei Darussalam,4673,0
2010-12-01,Brunei Darussalam,9516,0
2011-01-01,Brunei Darussalam,4547,0
2011-02-01,Brunei Darussalam,3890,0
2011-03-01,Brunei Darussalam,5795,0
2011-04-01,Brunei Darussalam,3747,0
2011-05-01,Brunei Darussalam,4007,0
2011-06-01,Brunei Darussalam,6510,0
2011-07-01,Brunei Darussalam,5522,0
2011-08-01,Brunei Darussalam,4556,0
2011-09-01,Brunei Darussalam,3910,0
2011-10-01,Brunei Darussalam,4238,0
2011-11-01,Brunei Darussalam,5139,0
2011-12-01,Brunei Darussalam,10382,0
2012-01-01,Brunei Darussalam,4862,0
2012-02-01,Brunei Darussalam,4782,0
2012-03-01,Brunei Darussalam,6942,0
2012-04-01,Brunei Darussalam,4472,0
2012-05-01,Brunei Darussalam,4649,0
2012-06-01,Brunei Darussalam,6980,0
2012-07-01,Brunei Darussalam,5485,0
2012-08-01,Brunei Darussalam,5860,0
2012-09-01,Brunei Darussalam,4106,0
2012-10-01,Brunei Darussalam,5070,0
2012-11-01,Brunei Darussalam,6194,0
2012-12-01,Brunei Darussalam,12353,0
2013-01-01,Brunei Darussalam,5773,0
2013-02-01,Brunei Darussalam,4427,0
2013-03-01,Brunei Darussalam,8290,0
2013-04-01,Brunei Darussalam,4486,0
2013-05-01,Brunei Darussalam,5574,0
2013-06-01,Brunei Darussalam,7837,0
2013-07-01,Brunei Darussalam,5922,0
2013-08-01,Brunei Darussalam,6109,0
2013-09-01,Brunei Darussalam,4824,0
2013-10-01,Brunei Darussalam,5879,0
2013-11-01,Brunei Darussalam,7346,0
2013-12-01,Brunei Darussalam,13399,0
2014-01-01,Brunei Darussalam,6418,0
2014-02-01,Brunei Darussalam,5076,0
2014-03-01,Brunei Darussalam,7545,0
2014-04-01,Brunei Darussalam,4741,0
2014-05-01,Brunei Darussalam,6254,0
2014-06-01,Brunei Darussalam,7393,0
2014-07-01,Brunei Darussalam,6305,0
2014-08-01,Brunei Darussalam,5079,0
2014-09-01,Brunei Darussalam,5601,0
2014-10-01,Brunei Darussalam,5440,0
2014-11-01,Brunei Darussalam,5806,0
2014-12-01,Brunei Darussalam,11998,0
2015-01-01,Brunei Darussalam,5521,0
2015-02-01,Brunei Darussalam,4759,0
2015-03-01,Brunei Darussalam,6989,0
2015-04-01,Brunei Darussalam,4977,0
2015-05-01,Brunei Darussalam,5378,0
2015-06-01,Brunei Darussalam,4992,0
2015-07-01,Brunei Darussalam,7237,0
2015-08-01,Brunei Darussalam,4585,0
2015-09-01,Brunei Darussalam,5761,0
2015-10-01,Brunei Darussalam,4825,0
2015-11-01,Brunei Darussalam,6191,0
2015-12-01,Brunei Darussalam,12379,0
2016-01-01,Brunei Darussalam,5596,0
2016-02-01,Brunei Darussalam,4768,0
2016-03-01,Brunei Darussalam,7100,0
2016-04-01,Brunei Darussalam,5466,0
2016-05-01,Brunei Darussalam,5768,0
2016-06-01,Brunei Darussalam,5061,0
2016-07-01,Brunei Darussalam,6409,0
2016-08-01,Brunei Darussalam,4665,0
2016-09-01,Brunei Darussalam,5551,0
2016-10-01,Brunei Darussalam,4022,0
2016-11-01,Brunei Darussalam,5256,0
2016-12-01,Brunei Darussalam,10229,0
2017-01-01,Brunei Darussalam,5297,0
2017-02-01,Brunei Darussalam,4379,0
2017-03-01,Brunei Darussalam,7835,0
2017-04-01,Brunei Darussalam,4662,0
2017-05-01,Brunei Darussalam,4645,0
2017-06-01,Brunei Darussalam,5758,0
2017-07-01,Brunei Darussalam,5625,0
2017-08-01,Brunei Darussalam,4610,0
2017-09-01,Brunei Darussalam,5387,0
2017-10-01,Brunei Darussalam,4202,0
2017-11-01,Brunei Darussalam,5258,0
2017-12-01,Brunei Darussalam,10761,0
2018-01-01,Brunei Darussalam,6076,0
2018-02-01,Brunei Darussalam,5105,0
2018-03-01,Brunei Darussalam,8171,0
2018-04-01,Brunei Darussalam,5766,0
2018-05-01,Brunei Darussalam,5250,0
2018-06-01,Brunei Darussalam,5897,0
2018-07-01,Brunei Darussalam,5769,0
2018-08-01,Brunei Darussalam,5168,0
2018-09-01,Brunei Darussalam,6133,0
2018-10-01,Brunei Darussalam,5017,0
2018-11-01,Brunei Darussalam,6118,0
2018-12-01,Brunei Darussalam,10490,0
2019-01-01,Brunei Darussalam,5953,0
2019-02-01,Brunei Darussalam,4105,0
2019-03-01,Brunei Darussalam,7996,0
2019-04-01,Brunei Darussalam,5159,0
2019-05-01,Brunei Darussalam,5370,0
2019-06-01,Brunei Darussalam,5276,0
2019-07-01,Brunei Darussalam,5882,0
2019-08-01,Brunei Darussalam,5156,0
2019-09-01,Brunei Darussalam,6356,0
2019-10-01,Brunei Darussalam,4687,0
2019-11-01,Brunei Darussalam,6366,0
2019-12-01,Brunei Darussalam,10298,0
2020-01-01,Brunei Darussalam,5364,0
2020-02-01,Brunei Darussalam,1764,1
2020-03-01,Brunei Darussalam,514,1
2020-04-01,Brunei Darussalam,3,1
2020-05-01,Brunei Darussalam,0,1
2020-06-01,Brunei Darussalam,1,1
2020-07-01,Brunei Darussalam,14,1
2020-08-01,Brunei Darussalam,8,1
2020-09-01,Brunei Darussalam,91,1
2020-10-01,Brunei Darussalam,120,1
2020-11-01,Brunei Darussalam,104,1
2020-12-01,Brunei Darussalam,170,1
2021-01-01,Brunei Darussalam,108,1
2021-02-01,Brunei Darussalam,84,1
2021-03-01,Brunei Darussalam,119,1
2021-04-01,Brunei Darussalam,80,1
2021-05-01,Brunei Darussalam,48,1
2021-06-01,Brunei Darussalam,64,1
2021-07-01,Brunei Darussalam,104,1
2021-08-01,Brunei Darussalam,81,1
2021-09-01,Brunei Darussalam,70,1
2021-10-01,Brunei Darussalam,121,1
2021-11-01,Brunei Darussalam,138,1
2021-12-01,Brunei Darussalam,231,1
2022-01-01,Brunei Darussalam,113,0
2022-02-01,Brunei Darussalam,163,0
2022-03-01,Brunei Darussalam,280,0
2022-04-01,Brunei Darussalam,807,0
2022-05-01,Brunei Darussalam,2271,0
2022-06-01,Brunei Darussalam,2202,0
2022-07-01,Brunei Darussalam,3239,0
2022-08-01,Brunei Darussalam,3426,0
2022-09-01,Brunei Darussalam,3809,0
2022-10-01,Brunei Darussalam,3733,0
2022-11-01,Brunei Darussalam,4273,0
2022-12-01,Brunei Darussalam,7324,0
2023-01-01,Brunei Darussalam,3653,0
2023-02-01,Brunei Darussalam,4739,0
2023-03-01,Brunei Darussalam,4460,0
2023-04-01,Brunei Darussalam,5850,0
2023-05-01,Brunei Darussalam,4570,0
2023-06-01,Brunei Darussalam,4121,0
2023-07-01,Brunei Darussalam,5108,0
2023-08-01,Brunei Darussalam,6214,0
2023-09-01,Brunei Darussalam,4502,0
2023-10-01,Brunei Darussalam,4390,0
2023-11-01,Brunei Darussalam,4799,0
2023-12-01,Brunei Darussalam,9281,0
2024-01-01,Brunei Darussalam,5215,0
2024-02-01,Brunei Darussalam,4582,0
2024-03-01,Brunei Darussalam,4779,0
2024-04-01,Brunei Darussalam,4844,0
2024-05-01,Brunei Darussalam,3857,0
2024-06-01,Brunei Darussalam,3711,0
2024-07-01,Brunei Darussalam,4401,0
2024-08-01,Brunei Darussalam,5679,0
2024-09-01,Brunei Darussalam,3968,0
2024-10-01,Brunei Darussalam,3959,0
2024-11-01,Brunei Darussalam,4500,0
2024-12-01,Brunei Darussalam,8439,0
2025-01-01,Brunei Darussalam,4535,0
2025-02-01,Brunei Darussalam,3766,0
2025-03-01,Brunei Darussalam,4435,0
2025-04-01,Brunei Darussalam,4107,0
2025-05-01,Brunei Darussalam,4395,0
2025-06-01,Brunei Darussalam,4591,0
2025-07-01,Brunei Darussalam,4123,0
2025-08-01,Brunei Darussalam,5475,0
2025-09-01,Brunei Darussalam,3895,0
2025-10-01,Brunei Darussalam,3946,0
2025-11-01,Brunei Darussalam,4614,0
2025-12-01,Brunei Darussalam,8243,0
2026-01-01,Brunei Darussalam,4244,0
2008-01-01,Canada,8760,0
2008-02-01,Canada,7661,0
2008-03-01,Canada,8239,0
2008-04-01,Canada,6058,0
2008-05-01,Canada,5699,0
2008-06-01,Canada,5078,0
2008-07-01,Canada,6838,0
2008-08-01,Canada,6026,0
2008-09-01,Canada,4273,0
2008-10-01,Canada,6708,0
2008-11-01,Canada,7040,0
2008-12-01,Canada,7664,0
2009-01-01,Canada,7121,0
2009-02-01,Canada,6443,0
2009-03-01,Canada,7104,0
2009-04-01,Canada,5866,0
2009-05-01,Canada,4956,0
2009-06-01,Canada,4495,0
2009-07-01,Canada,5732,0
2009-08-01,Canada,5623,0
2009-09-01,Canada,3761,0
2009-10-01,Canada,5752,0
2009-11-01,Canada,6391,0
2009-12-01,Canada,6790,0
2010-01-01,Canada,6860,0
2010-02-01,Canada,6424,0
2010-03-01,Canada,7048,0
2010-04-01,Canada,6734,0
2010-05-01,Canada,5457,0
2010-06-01,Canada,4969,0
2010-07-01,Canada,6646,0
2010-08-01,Canada,6397,0
2010-09-01,Canada,4337,0
2010-10-01,Canada,6161,0
2010-11-01,Canada,6485,0
2010-12-01,Canada,7624,0
2011-01-01,Canada,7897,0
2011-02-01,Canada,6898,0
2011-03-01,Canada,9415,0
2011-04-01,Canada,7163,0
2011-05-01,Canada,6116,0
2011-06-01,Canada,5125,0
2011-07-01,Canada,7098,0
2011-08-01,Canada,6399,0
2011-09-01,Canada,4554,0
2011-10-01,Canada,6814,0
2011-11-01,Canada,7843,0
2011-12-01,Canada,7610,0
2012-01-01,Canada,8495,0
2012-02-01,Canada,8303,0
2012-03-01,Canada,9930,0
2012-04-01,Canada,7294,0
2012-05-01,Canada,6166,0
2012-06-01,Canada,5356,0
2012-07-01,Canada,7346,0
2012-08-01,Canada,6454,0
2012-09-01,Canada,4858,0
2012-10-01,Canada,7002,0
2012-11-01,Canada,7659,0
2012-12-01,Canada,8932,0
2013-01-01,Canada,9798,0
2013-02-01,Canada,8995,0
2013-03-01,Canada,9635,0
2013-04-01,Canada,7769,0
2013-05-01,Canada,6699,0
2013-06-01,Canada,5748,0
2013-07-01,Canada,7401,0
2013-08-01,Canada,7008,0
2013-09-01,Canada,4937,0
2013-10-01,Canada,7158,0
2013-11-01,Canada,8000,0
2013-12-01,Canada,9537,0
2014-01-01,Canada,10317,0
2014-02-01,Canada,10118,0
2014-03-01,Canada,10905,0
2014-04-01,Canada,6861,0
2014-05-01,Canada,6803,0
2014-06-01,Canada,5516,0
2014-07-01,Canada,7052,0
2014-08-01,Canada,6641,0
2014-09-01,Canada,5022,0
2014-10-01,Canada,6696,0
2014-11-01,Canada,7662,0
2014-12-01,Canada,9234,0
2015-01-01,Canada,10875,0
2015-02-01,Canada,9915,0
2015-03-01,Canada,10515,0
2015-04-01,Canada,7086,0
2015-05-01,Canada,6637,0
2015-06-01,Canada,5914,0
2015-07-01,Canada,6984,0
2015-08-01,Canada,6734,0
2015-09-01,Canada,5196,0
2015-10-01,Canada,7858,0
2015-11-01,Canada,8581,0
2015-12-01,Canada,9952,0
2016-01-01,Canada,11209,0
2016-02-01,Canada,10558,0
2016-03-01,Canada,10517,0
2016-04-01,Canada,7598,0
2016-05-01,Canada,7211,0
2016-06-01,Canada,5360,0
2016-07-01,Canada,7547,0
2016-08-01,Canada,6896,0
2016-09-01,Canada,5257,0
2016-10-01,Canada,7170,0
2016-11-01,Canada,9104,0
2016-12-01,Canada,10047,0
2017-01-01,Canada,11225,0
2017-02-01,Canada,11213,0
2017-03-01,Canada,11493,0
2017-04-01,Canada,7684,0
2017-05-01,Canada,7617,0
2017-06-01,Canada,6217,0
2017-07-01,Canada,7924,0
2017-08-01,Canada,7808,0
2017-09-01,Canada,5999,0
2017-10-01,Canada,7388,0
2017-11-01,Canada,10203,0
2017-12-01,Canada,10443,0
2018-01-01,Canada,13482,0
2018-02-01,Canada,13438,0
2018-03-01,Canada,14317,0
2018-04-01,Canada,10655,0
2018-05-01,Canada,9354,0
2018-06-01,Canada,6964,0
2018-07-01,Canada,9182,0
2018-08-01,Canada,9887,0
2018-09-01,Canada,7669,0
2018-10-01,Canada,8923,0
2018-11-01,Canada,12031,0
2018-12-01,Canada,13614,0
2019-01-01,Canada,14958,0
2019-02-01,Canada,13833,0
2019-03-01,Canada,15968,0
2019-04-01,Canada,11429,0
2019-05-01,Canada,11015,0
2019-06-01,Canada,7436,0
2019-07-01,Canada,10260,0
2019-08-01,Canada,11130,0
2019-09-01,Canada,7996,0
2019-10-01,Canada,8869,0
2019-11-01,Canada,11355,0
2019-12-01,Canada,14314,0
2020-01-01,Canada,15044,0
2020-02-01,Canada,9146,1
2020-03-01,Canada,2414,1
2020-04-01,Canada,0,1
2020-05-01,Canada,0,1
2020-06-01,Canada,10,1
2020-07-01,Canada,49,1
2020-08-01,Canada,39,1
2020-09-01,Canada,45,1
2020-10-01,Canada,47,1
2020-11-01,Canada,62,1
2020-12-01,Canada,71,1
2021-01-01,Canada,87,1
2021-02-01,Canada,76,1
2021-03-01,Canada,77,1
2021-04-01,Canada,50,1
2021-05-01,Canada,27,1
2021-06-01,Canada,14,1
2021-07-01,Canada,53,1
2021-08-01,Canada,72,1
2021-09-01,Canada,139,1
2021-10-01,Canada,121,1
2021-11-01,Canada,229,1
2021-12-01,Canada,743,1
2022-01-01,Canada,469,0
2022-02-01,Canada,545,0
2022-03-01,Canada,871,0
2022-04-01,Canada,2004,0
2022-05-01,Canada,3604,0
2022-06-01,Canada,3651,0
2022-07-01,Canada,5268,0
2022-08-01,Canada,6116,0
2022-09-01,Canada,6594,0
2022-10-01,Canada,7217,0
2022-11-01,Canada,9638,0
2022-12-01,Canada,9047,0
2023-01-01,Canada,11207,0
2023-02-01,Canada,13407,0
2023-03-01,Canada,12626,0
2023-04-01,Canada,9428,0
2023-05-01,Canada,12592,0
2023-06-01,Canada,6664,0
2023-07-01,Canada,9770,0
2023-08-01,Canada,9877,0
2023-09-01,Canada,8407,0
2023-10-01,Canada,9006,0
2023-11-01,Canada,13173,0
2023-12-01,Canada,10998,0
2024-01-01,Canada,12878,0
2024-02-01,Canada,12948,0
2024-03-01,Canada,12439,0
2024-04-01,Canada,11325,0
2024-05-01,Canada,11155,0
2024-06-01,Canada,7987,0
2024-07-01,Canada,10894,0
2024-08-01,Canada,10796,0
2024-09-01,Canada,9230,0
2024-10-01,Canada,11402,0
2024-11-01,Canada,14791,0
2024-12-01,Canada,12839,0
2025-01-01,Canada,16855,0
2025-02-01,Canada,16299,0
2025-03-01,Canada,17576,0
2025-04-01,Canada,11702,0
2025-05-01,Canada,10765,0
2025-06-01,Canada,7461,0
2025-07-01,Canada,11657,0
2025-08-01,Canada,11370,0
2025-09-01,Canada,8992,0
2025-10-01,Canada,11814,0
2025-11-01,Canada,14503,0
2025-12-01,Canada,14791,0
2026-01-01,Canada,17774,0
2008-01-01,China,108486,0
2008-02-01,China,121031,0
2008-03-01,China,98180,0
2008-04-01,China,107639,0
2008-05-01,China,86785,0
2008-06-01,China,70565,0
2008-07-01,China,105528,0
2008-08-01,China,91325,0
2008-09-01,China,66582,0
2008-10-01,China,76836,0
2008-11-01,China,79096,0
2008-12-01,China,66689,0
2009-01-01,China,105144,0
2009-02-01,China,80037,0
2009-03-01,China,91275,0
2009-04-01,China,86525,0
2009-05-01,China,52058,0
2009-06-01,China,41650,0
2009-07-01,China,72326,0
2009-08-01,China,86530,0
2009-09-01,China,59588,0
2009-10-01,China,83273,0
2009-11-01,China,90358,0
2009-12-01,China,87983,0
2010-01-01,China,98918,0
2010-02-01,China,143050,0
2010-03-01,China,88038,0
2010-04-01,China,91702,0
2010-05-01,China,71636,0
2010-06-01,China,69081,0
2010-07-01,China,117778,0
2010-08-01,China,130593,0
2010-09-01,China,74457,0
2010-10-01,China,92627,0
2010-11-01,China,94035,0
2010-12-01,China,99578,0
2011-01-01,China,132040,0
2011-02-01,China,149941,0
2011-03-01,China,129749,0
2011-04-01,China,131797,0
2011-05-01,China,110920,0
2011-06-01,China,103335,0
2011-07-01,China,183862,0
2011-08-01,China,183890,0
2011-09-01,China,104211,0
2011-10-01,China,133563,0
2011-11-01,China,100824,0
2011-12-01,China,113390,0
2012-01-01,China,201742,0
2012-02-01,China,158002,0
2012-03-01,China,182348,0
2012-04-01,China,173543,0
2012-05-01,China,139946,0
2012-06-01,China,122630,0
2012-07-01,China,201652,0
2012-08-01,China,206734,0
2012-09-01,China,128830,0
2012-10-01,China,170529,0
2012-11-01,China,177112,0
2012-12-01,China,171109,0
2013-01-01,China,189107,0
2013-02-01,China,252958,0
2013-03-01,China,205790,0
2013-04-01,China,227870,0
2013-05-01,China,198429,0
2013-06-01,China,166890,0
2013-07-01,China,248635,0
2013-08-01,China,242256,0
2013-09-01,China,179130,0
2013-10-01,China,117955,0
2013-11-01,China,119618,0
2013-12-01,China,121232,0
2014-01-01,China,188237,0
2014-02-01,China,203600,0
2014-03-01,China,165642,0
2014-04-01,China,126507,0
2014-05-01,China,95987,0
2014-06-01,China,91485,0
2014-07-01,China,180653,0
2014-08-01,China,174150,0
2014-09-01,China,105780,0
2014-10-01,China,133993,0
2014-11-01,China,131731,0
2014-12-01,China,124615,0
2015-01-01,China,140548,0
2015-02-01,China,238011,0
2015-03-01,China,130827,0
2015-04-01,China,153784,0
2015-05-01,China,141375,0
2015-06-01,China,144533,0
2015-07-01,China,246819,0
2015-08-01,China,267122,0
2015-09-01,China,149929,0
2015-10-01,China,165649,0
2015-11-01,China,158736,0
2015-12-01,China,168831,0
2016-01-01,China,229150,0
2016-02-01,China,277926,0
2016-03-01,China,241230,0
2016-04-01,China,269560,0
2016-05-01,China,234089,0
2016-06-01,China,221614,0
2016-07-01,China,311124,0
2016-08-01,China,315548,0
2016-09-01,China,170204,0
2016-10-01,China,173185,0
2016-11-01,China,193984,0
2016-12-01,China,226020,0
2017-01-01,China,316805,0
2017-02-01,China,268993,0
2017-03-01,China,264711,0
2017-04-01,China,252135,0
2017-05-01,China,232361,0
2017-06-01,China,218118,0
2017-07-01,China,349654,0
2017-08-01,China,357287,0
2017-09-01,China,226978,0
2017-10-01,China,245755,0
2017-11-01,China,251096,0
2017-12-01,China,244241,0
2018-01-01,China,291208,0
2018-02-01,China,366616,0
2018-03-01,China,274879,0
2018-04-01,China,291119,0
2018-05-01,China,264802,0
2018-06-01,China,242118,0
2018-07-01,China,361019,0
2018-08-01,China,380108,0
2018-09-01,China,239824,0
2018-10-01,China,247664,0
2018-11-01,China,220053,0
2018-12-01,China,238194,0
2019-01-01,China,320581,0
2019-02-01,China,339550,0
2019-03-01,China,300209,0
2019-04-01,China,302098,0
2019-05-01,China,283445,0
2019-06-01,China,266107,0
2019-07-01,China,389503,0
2019-08-01,China,397070,0
2019-09-01,China,248568,0
2019-10-01,China,258611,0
2019-11-01,China,248636,0
2019-12-01,China,272742,0
2020-01-01,China,329047,0
2020-02-01,China,6222,1
2020-03-01,China,1488,1
2020-04-01,China,18,1
2020-05-01,China,23,1
2020-06-01,China,118,1
2020-07-01,China,958,1
2020-08-01,China,2163,1
2020-09-01,China,2422,1
2020-10-01,China,3169,1
2020-11-01,China,4007,1
2020-12-01,China,7657,1
2021-01-01,China,6599,1
2021-02-01,China,4498,1
2021-03-01,China,8892,1
2021-04-01,China,9056,1
2021-05-01,China,7388,1
2021-06-01,China,6983,1
2021-07-01,China,12669,1
2021-08-01,China,8907,1
2021-09-01,China,8952,1
2021-10-01,China,6065,1
2021-11-01,China,3479,1
2021-12-01,China,4764,1
2022-01-01,China,4361,0
2022-02-01,China,3823,0
2022-03-01,China,4131,0
2022-04-01,China,5048,0
2022-05-01,China,7150,0
2022-06-01,China,10191,0
2022-07-01,China,16622,0
2022-08-01,China,14735,0
2022-09-01,China,14127,0
2022-10-01,China,14971,0
2022-11-01,China,16024,0
2022-12-01,China,19685,0
2023-01-01,China,28375,0
2023-02-01,China,35312,0
2023-03-01,China,60888,0
2023-04-01,China,90725,0
2023-05-01,China,95613,0
2023-06-01,China,113290,0
2023-07-01,China,231331,0
2023-08-01,China,215442,0
2023-09-01,China,135677,0
2023-10-01,China,122765,0
2023-11-01,China,104347,0
2023-12-01,China,130156,0
2024-01-01,China,211178,0
2024-02-01,China,326900,0
2024-03-01,China,247658,0
2024-04-01,China,220435,0
2024-05-01,China,222335,0
2024-06-01,China,217656,0
2024-07-01,China,412951,0
2024-08-01,China,403138,0
2024-09-01,China,217205,0
2024-10-01,China,234528,0
2024-11-01,China,174751,0
2024-12-01,China,193483,0
2025-01-01,China,376481,0
2025-02-01,China,267974,0
2025-03-01,China,187036,0
2025-04-01,China,207505,0
2025-05-01,China,242013,0
2025-06-01,China,197185,0
2025-07-01,China,414488,0
2025-08-01,China,398206,0
2025-09-01,China,207028,0
2025-10-01,China,226010,0
2025-11-01,China,203531,0
2025-12-01,China,172688,0
2026-01-01,China,271953,0
2008-01-01,Denmark,3348,0
2008-02-01,Denmark,3992,0
2008-03-01,Denmark,3720,0
2008-04-01,Denmark,2454,0
2008-05-01,Denmark,1915,0
2008-06-01,Denmark,2003,0
2008-07-01,Denmark,3121,0
2008-08-01,Denmark,2056,0
2008-09-01,Denmark,1966,0
2008-10-01,Denmark,2775,0
2008-11-01,Denmark,2507,0
2008-12-01,Denmark,2459,0
2009-01-01,Denmark,3373,0
2009-02-01,Denmark,3415,0
2009-03-01,Denmark,2949,0
2009-04-01,Denmark,2511,0
2009-05-01,Denmark,1682,0
2009-06-01,Denmark,1803,0
2009-07-01,Denmark,3007,0
2009-08-01,Denmark,1885,0
2009-09-01,Denmark,1940,0
2009-10-01,Denmark,2795,0
2009-11-01,Denmark,2811,0
2009-12-01,Denmark,2400,0
2010-01-01,Denmark,3453,0
2010-02-01,Denmark,3786,0
2010-03-01,Denmark,3584,0
2010-04-01,Denmark,2345,0
2010-05-01,Denmark,1666,0
2010-06-01,Denmark,1820,0
2010-07-01,Denmark,2934,0
2010-08-01,Denmark,1832,0
2010-09-01,Denmark,1590,0
2010-10-01,Denmark,2451,0
2010-11-01,Denmark,2266,0
2010-12-01,Denmark,1908,0
2011-01-01,Denmark,2868,0
2011-02-01,Denmark,3188,0
2011-03-01,Denmark,2723,0
2011-04-01,Denmark,2307,0
2011-05-01,Denmark,1467,0
2011-06-01,Denmark,1578,0
2011-07-01,Denmark,3064,0
2011-08-01,Denmark,1595,0
2011-09-01,Denmark,1659,0
2011-10-01,Denmark,2241,0
2011-11-01,Denmark,2279,0
2011-12-01,Denmark,2232,0
2012-01-01,Denmark,3250,0
2012-02-01,Denmark,4261,0
2012-03-01,Denmark,3557,0
2012-04-01,Denmark,2660,0
2012-05-01,Denmark,1644,0
2012-06-01,Denmark,1801,0
2012-07-01,Denmark,3359,0
2012-08-01,Denmark,1864,0
2012-09-01,Denmark,1885,0
2012-10-01,Denmark,2517,0
2012-11-01,Denmark,2290,0
2012-12-01,Denmark,2391,0
2013-01-01,Denmark,3745,0
2013-02-01,Denmark,3673,0
2013-03-01,Denmark,3545,0
2013-04-01,Denmark,2149,0
2013-05-01,Denmark,1691,0
2013-06-01,Denmark,1868,0
2013-07-01,Denmark,3672,0
2013-08-01,Denmark,1995,0
2013-09-01,Denmark,1964,0
2013-10-01,Denmark,2877,0
2013-11-01,Denmark,2345,0
2013-12-01,Denmark,2396,0
2014-01-01,Denmark,3717,0
2014-02-01,Denmark,3860,0
2014-03-01,Denmark,3234,0
2014-04-01,Denmark,2649,0
2014-05-01,Denmark,1624,0
2014-06-01,Denmark,1653,0
2014-07-01,Denmark,3293,0
2014-08-01,Denmark,2052,0
2014-09-01,Denmark,2199,0
2014-10-01,Denmark,2754,0
2014-11-01,Denmark,2372,0
2014-12-01,Denmark,2485,0
2015-01-01,Denmark,3440,0
2015-02-01,Denmark,3634,0
2015-03-01,Denmark,3246,0
2015-04-01,Denmark,2301,0
2015-05-01,Denmark,1642,0
2015-06-01,Denmark,1635,0
2015-07-01,Denmark,3786,0
2015-08-01,Denmark,2161,0
2015-09-01,Denmark,1974,0
2015-10-01,Denmark,2590,0
2015-11-01,Denmark,2656,0
2015-12-01,Denmark,2324,0
2016-01-01,Denmark,3833,0
2016-02-01,Denmark,3988,0
2016-03-01,Denmark,3441,0
2016-04-01,Denmark,2273,0
2016-05-01,Denmark,1618,0
2016-06-01,Denmark,1515,0
2016-07-01,Denmark,3506,0
2016-08-01,Denmark,1940,0
2016-09-01,Denmark,1891,0
2016-10-01,Denmark,2795,0
2016-11-01,Denmark,2273,0
2016-12-01,Denmark,2173,0
2017-01-01,Denmark,3364,0
2017-02-01,Denmark,4099,0
2017-03-01,Denmark,3182,0
2017-04-01,Denmark,2977,0
2017-05-01,Denmark,1671,0
2017-06-01,Denmark,1685,0
2017-07-01,Denmark,4278,0
2017-08-01,Denmark,2321,0
2017-09-01,Denmark,2152,0
2017-10-01,Denmark,2942,0
2017-11-01,Denmark,2785,0
2017-12-01,Denmark,2530,0
2018-01-01,Denmark,3903,0
2018-02-01,Denmark,4597,0
2018-03-01,Denmark,4091,0
2018-04-01,Denmark,2734,0
2018-05-01,Denmark,1996,0
2018-06-01,Denmark,1868,0
2018-07-01,Denmark,4796,0
2018-08-01,Denmark,2525,0
2018-09-01,Denmark,2519,0
2018-10-01,Denmark,3097,0
2018-11-01,Denmark,2631,0
2018-12-01,Denmark,2660,0
2019-01-01,Denmark,3542,0
2019-02-01,Denmark,4049,0
2019-03-01,Denmark,3562,0
2019-04-01,Denmark,3286,0
2019-05-01,Denmark,1850,0
2019-06-01,Denmark,1881,0
2019-07-01,Denmark,5408,0
2019-08-01,Denmark,2781,0
2019-09-01,Denmark,2878,0
2019-10-01,Denmark,3168,0
2019-11-01,Denmark,2800,0
2019-12-01,Denmark,2844,0
2020-01-01,Denmark,3835,0
2020-02-01,Denmark,4082,1
2020-03-01,Denmark,1206,1
2020-04-01,Denmark,0,1
2020-05-01,Denmark,0,1
2020-06-01,Denmark,1,1
2020-07-01,Denmark,11,1
2020-08-01,Denmark,24,1
2020-09-01,Denmark,25,1
2020-10-01,Denmark,19,1
2020-11-01,Denmark,27,1
2020-12-01,Denmark,18,1
2021-01-01,Denmark,49,1
2021-02-01,Denmark,23,1
2021-03-01,Denmark,30,1
2021-04-01,Denmark,23,1
2021-05-01,Denmark,17,1
2021-06-01,Denmark,3,1
2021-07-01,Denmark,7,1
2021-08-01,Denmark,33,1
2021-09-01,Denmark,37,1
2021-10-01,Denmark,74,1
2021-11-01,Denmark,190,1
2021-12-01,Denmark,244,1
2022-01-01,Denmark,194,0
2022-02-01,Denmark,340,0
2022-03-01,Denmark,438,0
2022-04-01,Denmark,1004,0
2022-05-01,Denmark,898,0
2022-06-01,Denmark,1098,0
2022-07-01,Denmark,2634,0
2022-08-01,Denmark,1608,0
2022-09-01,Denmark,2070,0
2022-10-01,Denmark,2340,0
2022-11-01,Denmark,2014,0
2022-12-01,Denmark,1769,0
2023-01-01,Denmark,2674,0
2023-02-01,Denmark,3216,0
2023-03-01,Denmark,2679,0
2023-04-01,Denmark,2407,0
2023-05-01,Denmark,1727,0
2023-06-01,Denmark,1499,0
2023-07-01,Denmark,2881,0
2023-08-01,Denmark,1703,0
2023-09-01,Denmark,2158,0
2023-10-01,Denmark,2636,0
2023-11-01,Denmark,2276,0
2023-12-01,Denmark,2042,0
2024-01-01,Denmark,2986,0
2024-02-01,Denmark,3320,0
2024-03-01,Denmark,2972,0
2024-04-01,Denmark,2398,0
2024-05-01,Denmark,1736,0
2024-06-01,Denmark,1462,0
2024-07-01,Denmark,3642,0
2024-08-01,Denmark,1988,0
2024-09-01,Denmark,2219,0
2024-10-01,Denmark,2636,0
2024-11-01,Denmark,2577,0
2024-12-01,Denmark,2415,0
2025-01-01,Denmark,3162,0
2025-02-01,Denmark,3909,0
2025-03-01,Denmark,2935,0
2025-04-01,Denmark,2585,0
2025-05-01,Denmark,1527,0
2025-06-01,Denmark,1481,0
2025-07-01,Denmark,3746,0
2025-08-01,Denmark,2100,0
2025-09-01,Denmark,1856,0
2025-10-01,Denmark,3136,0
2025-11-01,Denmark,2502,0
2025-12-01,Denmark,2210,0
2026-01-01,Denmark,3264,0
2008-01-01,Egypt,426,0
2008-02-01,Egypt,312,0
2008-03-01,Egypt,338,0
2008-04-01,Egypt,388,0
2008-05-01,Egypt,295,0
2008-06-01,Egypt,371,0
2008-07-01,Egypt,565,0
2008-08-01,Egypt,521,0
2008-09-01,Egypt,241,0
2008-10-01,Egypt,337,0
2008-11-01,Egypt,277,0
2008-12-01,Egypt,382,0
2009-01-01,Egypt,300,0
2009-02-01,Egypt,362,0
2009-03-01,Egypt,334,0
2009-04-01,Egypt,297,0
2009-05-01,Egypt,220,0
2009-06-01,Egypt,383,0
2009-07-01,Egypt,397,0
2009-08-01,Egypt,301,0
2009-09-01,Egypt,200,0
2009-10-01,Egypt,390,0
2009-11-01,Egypt,365,0
2009-12-01,Egypt,312,0
2010-01-01,Egypt,306,0
2010-02-01,Egypt,315,0
2010-03-01,Egypt,379,0
2010-04-01,Egypt,363,0
2010-05-01,Egypt,307,0
2010-06-01,Egypt,348,0
2010-07-01,Egypt,607,0
2010-08-01,Egypt,524,0
2010-09-01,Egypt,298,0
2010-10-01,Egypt,444,0
2010-11-01,Egypt,424,0
2010-12-01,Egypt,431,0
2011-01-01,Egypt,397,0
2011-02-01,Egypt,233,0
2011-03-01,Egypt,292,0
2011-04-01,Egypt,266,0
2011-05-01,Egypt,278,0
2011-06-01,Egypt,331,0
2011-07-01,Egypt,496,0
2011-08-01,Egypt,238,0
2011-09-01,Egypt,393,0
2011-10-01,Egypt,373,0
2011-11-01,Egypt,279,0
2011-12-01,Egypt,253,0
2012-01-01,Egypt,269,0
2012-02-01,Egypt,319,0
2012-03-01,Egypt,271,0
2012-04-01,Egypt,345,0
2012-05-01,Egypt,267,0
2012-06-01,Egypt,304,0
2012-07-01,Egypt,315,0
2012-08-01,Egypt,258,0
2012-09-01,Egypt,340,0
2012-10-01,Egypt,324,0
2012-11-01,Egypt,341,0
2012-12-01,Egypt,277,0
2013-01-01,Egypt,277,0
2013-02-01,Egypt,288,0
2013-03-01,Egypt,289,0
2013-04-01,Egypt,324,0
2013-05-01,Egypt,249,0
2013-06-01,Egypt,410,0
2013-07-01,Egypt,224,0
2013-08-01,Egypt,371,0
2013-09-01,Egypt,316,0
2013-10-01,Egypt,418,0
2013-11-01,Egypt,293,0
2013-12-01,Egypt,323,0
2014-01-01,Egypt,399,0
2014-02-01,Egypt,351,0
2014-03-01,Egypt,328,0
2014-04-01,Egypt,333,0
2014-05-01,Egypt,322,0
2014-06-01,Egypt,307,0
2014-07-01,Egypt,214,0
2014-08-01,Egypt,448,0
2014-09-01,Egypt,399,0
2014-10-01,Egypt,406,0
2014-11-01,Egypt,397,0
2014-12-01,Egypt,457,0
2015-01-01,Egypt,453,0
2015-02-01,Egypt,268,0
2015-03-01,Egypt,419,0
2015-04-01,Egypt,348,0
2015-05-01,Egypt,355,0
2015-06-01,Egypt,226,0
2015-07-01,Egypt,296,0
2015-08-01,Egypt,574,0
2015-09-01,Egypt,444,0
2015-10-01,Egypt,532,0
2015-11-01,Egypt,325,0
2015-12-01,Egypt,298,0
2016-01-01,Egypt,387,0
2016-02-01,Egypt,416,0
2016-03-01,Egypt,283,0
2016-04-01,Egypt,410,0
2016-05-01,Egypt,424,0
2016-06-01,Egypt,197,0
2016-07-01,Egypt,340,0
2016-08-01,Egypt,462,0
2016-09-01,Egypt,448,0
2016-10-01,Egypt,370,0
2016-11-01,Egypt,350,0
2016-12-01,Egypt,338,0
2017-01-01,Egypt,281,0
2017-02-01,Egypt,312,0
2017-03-01,Egypt,390,0
2017-04-01,Egypt,342,0
2017-05-01,Egypt,260,0
2017-06-01,Egypt,191,0
2017-07-01,Egypt,368,0
2017-08-01,Egypt,373,0
2017-09-01,Egypt,339,0
2017-10-01,Egypt,403,0
2017-11-01,Egypt,388,0
2017-12-01,Egypt,382,0
2018-01-01,Egypt,419,0
2018-02-01,Egypt,265,0
2018-03-01,Egypt,466,0
2018-04-01,Egypt,427,0
2018-05-01,Egypt,271,0
2018-06-01,Egypt,240,0
2018-07-01,Egypt,423,0
2018-08-01,Egypt,368,0
2018-09-01,Egypt,372,0
2018-10-01,Egypt,393,0
2018-11-01,Egypt,289,0
2018-12-01,Egypt,435,0
2019-01-01,Egypt,349,0
2019-02-01,Egypt,341,0
2019-03-01,Egypt,314,0
2019-04-01,Egypt,415,0
2019-05-01,Egypt,198,0
2019-06-01,Egypt,493,0
2019-07-01,Egypt,705,0
2019-08-01,Egypt,440,0
2019-09-01,Egypt,414,0
2019-10-01,Egypt,402,0
2019-11-01,Egypt,474,0
2019-12-01,Egypt,637,0
2020-01-01,Egypt,584,0
2020-02-01,Egypt,302,1
2020-03-01,Egypt,69,1
2020-04-01,Egypt,0,1
2020-05-01,Egypt,0,1
2020-06-01,Egypt,0,1
2020-07-01,Egypt,4,1
2020-08-01,Egypt,12,1
2020-09-01,Egypt,10,1
2020-10-01,Egypt,6,1
2020-11-01,Egypt,6,1
2020-12-01,Egypt,13,1
2021-01-01,Egypt,6,1
2021-02-01,Egypt,6,1
2021-03-01,Egypt,8,1
2021-04-01,Egypt,6,1
2021-05-01,Egypt,5,1
2021-06-01,Egypt,1,1
2021-07-01,Egypt,0,1
2021-08-01,Egypt,12,1
2021-09-01,Egypt,7,1
2021-10-01,Egypt,10,1
2021-11-01,Egypt,19,1
2021-12-01,Egypt,14,1
2022-01-01,Egypt,12,0
2022-02-01,Egypt,7,0
2022-03-01,Egypt,19,0
2022-04-01,Egypt,34,0
2022-05-01,Egypt,62,0
2022-06-01,Egypt,132,0
2022-07-01,Egypt,164,0
2022-08-01,Egypt,197,0
2022-09-01,Egypt,255,0
2022-10-01,Egypt,259,0
2022-11-01,Egypt,283,0
2022-12-01,Egypt,220,0
2023-01-01,Egypt,192,0
2023-02-01,Egypt,205,0
2023-03-01,Egypt,168,0
2023-04-01,Egypt,155,0
2023-05-01,Egypt,253,0
2023-06-01,Egypt,211,0
2023-07-01,Egypt,348,0
2023-08-01,Egypt,243,0
2023-09-01,Egypt,272,0
2023-10-01,Egypt,265,0
2023-11-01,Egypt,269,0
2023-12-01,Egypt,188,0
2024-01-01,Egypt,279,0
2024-02-01,Egypt,220,0
2024-03-01,Egypt,175,0
2024-04-01,Egypt,153,0
2024-05-01,Egypt,281,0
2024-06-01,Egypt,241,0
2024-07-01,Egypt,202,0
2024-08-01,Egypt,244,0
2024-09-01,Egypt,267,0
2024-10-01,Egypt,306,0
2024-11-01,Egypt,364,0
2024-12-01,Egypt,239,0
2025-01-01,Egypt,426,0
2025-02-01,Egypt,222,0
2025-03-01,Egypt,152,0
2025-04-01,Egypt,205,0
2025-05-01,Egypt,253,0
2025-06-01,Egypt,254,0
2025-07-01,Egypt,329,0
2025-08-01,Egypt,307,0
2025-09-01,Egypt,280,0
2025-10-01,Egypt,505,0
2025-11-01,Egypt,286,0
2025-12-01,Egypt,281,0
2026-01-01,Egypt,260,0
2008-01-01,Finland,1513,0
2008-02-01,Finland,1554,0
2008-03-01,Finland,1431,0
2008-04-01,Finland,982,0
2008-05-01,Finland,854,0
2008-06-01,Finland,806,0
2008-07-01,Finland,784,0
2008-08-01,Finland,648,0
2008-09-01,Finland,1181,0
2008-10-01,Finland,946,0
2008-11-01,Finland,1169,0
2008-12-01,Finland,1512,0
2009-01-01,Finland,1549,0
2009-02-01,Finland,1827,0
2009-03-01,Finland,1801,0
2009-04-01,Finland,1361,0
2009-05-01,Finland,1202,0
2009-06-01,Finland,1332,0
2009-07-01,Finland,969,0
2009-08-01,Finland,704,0
2009-09-01,Finland,997,0
2009-10-01,Finland,1137,0
2009-11-01,Finland,1395,0
2009-12-01,Finland,1761,0
2010-01-01,Finland,1972,0
2010-02-01,Finland,1539,0
2010-03-01,Finland,1775,0
2010-04-01,Finland,1064,0
2010-05-01,Finland,878,0
2010-06-01,Finland,991,0
2010-07-01,Finland,968,0
2010-08-01,Finland,754,0
2010-09-01,Finland,986,0
2010-10-01,Finland,1359,0
2010-11-01,Finland,1535,0
2010-12-01,Finland,1790,0
2011-01-01,Finland,2217,0
2011-02-01,Finland,1757,0
2011-03-01,Finland,1649,0
2011-04-01,Finland,1138,0
2011-05-01,Finland,1056,0
2011-06-01,Finland,1985,0
2011-07-01,Finland,1991,0
2011-08-01,Finland,1240,0
2011-09-01,Finland,1259,0
2011-10-01,Finland,2202,0
2011-11-01,Finland,3092,0
2011-12-01,Finland,4319,0
2012-01-01,Finland,4792,0
2012-02-01,Finland,5586,0
2012-03-01,Finland,4144,0
2012-04-01,Finland,2358,0
2012-05-01,Finland,1607,0
2012-06-01,Finland,1745,0
2012-07-01,Finland,1425,0
2012-08-01,Finland,992,0
2012-09-01,Finland,1586,0
2012-10-01,Finland,2541,0
2012-11-01,Finland,2889,0
2012-12-01,Finland,3668,0
2013-01-01,Finland,3877,0
2013-02-01,Finland,3755,0
2013-03-01,Finland,3271,0
2013-04-01,Finland,2213,0
2013-05-01,Finland,1527,0
2013-06-01,Finland,1620,0
2013-07-01,Finland,1295,0
2013-08-01,Finland,1092,0
2013-09-01,Finland,1558,0
2013-10-01,Finland,2249,0
2013-11-01,Finland,3280,0
2013-12-01,Finland,3638,0
2014-01-01,Finland,4427,0
2014-02-01,Finland,4580,0
2014-03-01,Finland,3449,0
2014-04-01,Finland,2305,0
2014-05-01,Finland,1495,0
2014-06-01,Finland,1532,0
2014-07-01,Finland,1266,0
2014-08-01,Finland,1108,0
2014-09-01,Finland,1759,0
2014-10-01,Finland,2522,0
2014-11-01,Finland,3054,0
2014-12-01,Finland,3210,0
2015-01-01,Finland,3740,0
2015-02-01,Finland,3390,0
2015-03-01,Finland,3110,0
2015-04-01,Finland,2198,0
2015-05-01,Finland,1373,0
2015-06-01,Finland,1551,0
2015-07-01,Finland,1308,0
2015-08-01,Finland,1222,0
2015-09-01,Finland,1451,0
2015-10-01,Finland,2569,0
2015-11-01,Finland,2761,0
2015-12-01,Finland,3231,0
2016-01-01,Finland,4431,0
2016-02-01,Finland,3959,0
2016-03-01,Finland,3186,0
2016-04-01,Finland,1889,0
2016-05-01,Finland,1490,0
2016-06-01,Finland,1434,0
2016-07-01,Finland,1586,0
2016-08-01,Finland,1114,0
2016-09-01,Finland,1688,0
2016-10-01,Finland,2725,0
2016-11-01,Finland,2390,0
2016-12-01,Finland,2750,0
2017-01-01,Finland,3929,0
2017-02-01,Finland,3834,0
2017-03-01,Finland,3101,0
2017-04-01,Finland,2492,0
2017-05-01,Finland,1596,0
2017-06-01,Finland,1885,0
2017-07-01,Finland,1618,0
2017-08-01,Finland,1294,0
2017-09-01,Finland,2076,0
2017-10-01,Finland,2940,0
2017-11-01,Finland,3170,0
2017-12-01,Finland,3392,0
2018-01-01,Finland,4558,0
2018-02-01,Finland,4780,0
2018-03-01,Finland,3963,0
2018-04-01,Finland,2203,0
2018-05-01,Finland,1379,0
2018-06-01,Finland,1876,0
2018-07-01,Finland,1835,0
2018-08-01,Finland,1156,0
2018-09-01,Finland,2021,0
2018-10-01,Finland,2867,0
2018-11-01,Finland,2585,0
2018-12-01,Finland,3357,0
2019-01-01,Finland,3642,0
2019-02-01,Finland,4220,0
2019-03-01,Finland,3106,0
2019-04-01,Finland,2148,0
2019-05-01,Finland,1483,0
2019-06-01,Finland,1867,0
2019-07-01,Finland,1992,0
2019-08-01,Finland,1226,0
2019-09-01,Finland,2210,0
2019-10-01,Finland,2843,0
2019-11-01,Finland,2775,0
2019-12-01,Finland,3263,0
2020-01-01,Finland,3713,0
2020-02-01,Finland,4009,1
2020-03-01,Finland,1179,1
2020-04-01,Finland,2,1
2020-05-01,Finland,0,1
2020-06-01,Finland,0,1
2020-07-01,Finland,5,1
2020-08-01,Finland,45,1
2020-09-01,Finland,21,1
2020-10-01,Finland,18,1
2020-11-01,Finland,17,1
2020-12-01,Finland,12,1
2021-01-01,Finland,45,1
2021-02-01,Finland,17,1
2021-03-01,Finland,15,1
2021-04-01,Finland,11,1
2021-05-01,Finland,16,1
2021-06-01,Finland,6,1
2021-07-01,Finland,11,1
2021-08-01,Finland,16,1
2021-09-01,Finland,19,1
2021-10-01,Finland,23,1
2021-11-01,Finland,19,1
2021-12-01,Finland,157,1
2022-01-01,Finland,121,0
2022-02-01,Finland,129,0
2022-03-01,Finland,181,0
2022-04-01,Finland,448,0
2022-05-01,Finland,588,0
2022-06-01,Finland,710,0
2022-07-01,Finland,894,0
2022-08-01,Finland,628,0
2022-09-01,Finland,1122,0
2022-10-01,Finland,1759,0
2022-11-01,Finland,1810,0
2022-12-01,Finland,1391,0
2023-01-01,Finland,2247,0
2023-02-01,Finland,2312,0
2023-03-01,Finland,2131,0
2023-04-01,Finland,1318,0
2023-05-01,Finland,1122,0
2023-06-01,Finland,1221,0
2023-07-01,Finland,1062,0
2023-08-01,Finland,838,0
2023-09-01,Finland,1275,0
2023-10-01,Finland,2059,0
2023-11-01,Finland,2236,0
2023-12-01,Finland,1957,0
2024-01-01,Finland,3490,0
2024-02-01,Finland,3277,0
2024-03-01,Finland,2973,0
2024-04-01,Finland,2008,0
2024-05-01,Finland,1533,0
2024-06-01,Finland,1610,0
2024-07-01,Finland,1271,0
2024-08-01,Finland,832,0
2024-09-01,Finland,1334,0
2024-10-01,Finland,2470,0
2024-11-01,Finland,2394,0
2024-12-01,Finland,2839,0
2025-01-01,Finland,3613,0
2025-02-01,Finland,3434,0
2025-03-01,Finland,2827,0
2025-04-01,Finland,1911,0
2025-05-01,Finland,1593,0
2025-06-01,Finland,1731,0
2025-07-01,Finland,1669,0
2025-08-01,Finland,966,0
2025-09-01,Finland,1448,0
2025-10-01,Finland,2877,0
2025-11-01,Finland,2414,0
2025-12-01,Finland,2479,0
2026-01-01,Finland,4320,0
2008-01-01,France,8771,0
2008-02-01,France,9093,0
2008-03-01,France,9707,0
2008-04-01,France,9897,0
2008-05-01,France,8451,0
2008-06-01,France,7147,0
2008-07-01,France,11267,0
2008-08-01,France,13597,0
2008-09-01,France,7682,0
2008-10-01,France,8200,0
2008-11-01,France,8782,0
2008-12-01,France,8604,0
2009-01-01,France,8168,0
2009-02-01,France,9002,0
2009-03-01,France,10418,0
2009-04-01,France,9831,0
2009-05-01,France,8642,0
2009-06-01,France,7685,0
2009-07-01,France,11867,0
2009-08-01,France,16005,0
2009-09-01,France,8383,0
2009-10-01,France,10012,0
2009-11-01,France,10339,0
2009-12-01,France,9376,0
2010-01-01,France,10010,0
2010-02-01,France,10684,0
2010-03-01,France,11349,0
2010-04-01,France,11283,0
2010-05-01,France,10323,0
2010-06-01,France,8359,0
2010-07-01,France,11904,0
2010-08-01,France,15794,0
2010-09-01,France,8362,0
2010-10-01,France,10062,0
2010-11-01,France,11753,0
2010-12-01,France,10578,0
2011-01-01,France,10957,0
2011-02-01,France,10755,0
2011-03-01,France,12342,0
2011-04-01,France,11852,0
2011-05-01,France,10086,0
2011-06-01,France,7990,0
2011-07-01,France,13943,0
2011-08-01,France,17520,0
2011-09-01,France,10434,0
2011-10-01,France,11204,0
2011-11-01,France,11166,0
2011-12-01,France,12050,0
2012-01-01,France,10939,0
2012-02-01,France,14493,0
2012-03-01,France,14253,0
2012-04-01,France,14517,0
2012-05-01,France,10902,0
2012-06-01,France,9301,0
2012-07-01,France,15402,0
2012-08-01,France,20864,0
2012-09-01,France,12529,0
2012-10-01,France,11328,0
2012-11-01,France,12585,0
2012-12-01,France,11810,0
2013-01-01,France,12798,0
2013-02-01,France,12621,0
2013-03-01,France,16120,0
2013-04-01,France,13403,0
2013-05-01,France,12432,0
2013-06-01,France,9349,0
2013-07-01,France,15466,0
2013-08-01,France,21876,0
2013-09-01,France,10508,0
2013-10-01,France,12384,0
2013-11-01,France,11359,0
2013-12-01,France,11697,0
2014-01-01,France,11966,0
2014-02-01,France,14180,0
2014-03-01,France,15735,0
2014-04-01,France,13643,0
2014-05-01,France,11980,0
2014-06-01,France,9288,0
2014-07-01,France,14405,0
2014-08-01,France,20541,0
2014-09-01,France,10323,0
2014-10-01,France,12351,0
2014-11-01,France,11762,0
2014-12-01,France,10708,0
2015-01-01,France,11285,0
2015-02-01,France,13590,0
2015-03-01,France,12789,0
2015-04-01,France,13135,0
2015-05-01,France,11686,0
2015-06-01,France,8969,0
2015-07-01,France,16926,0
2015-08-01,France,22241,0
2015-09-01,France,9816,0
2015-10-01,France,13334,0
2015-11-01,France,12269,0
2015-12-01,France,11443,0
2016-01-01,France,12144,0
2016-02-01,France,16417,0
2016-03-01,France,14259,0
2016-04-01,France,16628,0
2016-05-01,France,11789,0
2016-06-01,France,8954,0
2016-07-01,France,16844,0
2016-08-01,France,23795,0
2016-09-01,France,11176,0
2016-10-01,France,14543,0
2016-11-01,France,12615,0
2016-12-01,France,11749,0
2017-01-01,France,12356,0
2017-02-01,France,16851,0
2017-03-01,France,14751,0
2017-04-01,France,15681,0
2017-05-01,France,12333,0
2017-06-01,France,9643,0
2017-07-01,France,18255,0
2017-08-01,France,23815,0
2017-09-01,France,11584,0
2017-10-01,France,14082,0
2017-11-01,France,14210,0
2017-12-01,France,11852,0
2018-01-01,France,15788,0
2018-02-01,France,18539,0
2018-03-01,France,17579,0
2018-04-01,France,18647,0
2018-05-01,France,15071,0
2018-06-01,France,10706,0
2018-07-01,France,21991,0
2018-08-01,France,28097,0
2018-09-01,France,13550,0
2018-10-01,France,15717,0
2018-11-01,France,16162,0
2018-12-01,France,12922,0
2019-01-01,France,18052,0
2019-02-01,France,19884,0
2019-03-01,France,19099,0
2019-04-01,France,17974,0
2019-05-01,France,14413,0
2019-06-01,France,11822,0
2019-07-01,France,21953,0
2019-08-01,France,28953,0
2019-09-01,France,15137,0
2019-10-01,France,16369,0
2019-11-01,France,15407,0
2019-12-01,France,13745,0
2020-01-01,France,16613,0
2020-02-01,France,18495,1
2020-03-01,France,5464,1
2020-04-01,France,5,1
2020-05-01,France,2,1
2020-06-01,France,21,1
2020-07-01,France,90,1
2020-08-01,France,240,1
2020-09-01,France,190,1
2020-10-01,France,213,1
2020-11-01,France,122,1
2020-12-01,France,166,1
2021-01-01,France,402,1
2021-02-01,France,204,1
2021-03-01,France,147,1
2021-04-01,France,174,1
2021-05-01,France,83,1
2021-06-01,France,26,1
2021-07-01,France,97,1
2021-08-01,France,327,1
2021-09-01,France,337,1
2021-10-01,France,423,1
2021-11-01,France,799,1
2021-12-01,France,1195,1
2022-01-01,France,1077,0
2022-02-01,France,1760,0
2022-03-01,France,1759,0
2022-04-01,France,3744,0
2022-05-01,France,5068,0
2022-06-01,France,5501,0
2022-07-01,France,10598,0
2022-08-01,France,16618,0
2022-09-01,France,10200,0
2022-10-01,France,10665,0
2022-11-01,France,10546,0
2022-12-01,France,8554,0
2023-01-01,France,9873,0
2023-02-01,France,13722,0
2023-03-01,France,12924,0
2023-04-01,France,13260,0
2023-05-01,France,13557,0
2023-06-01,France,9709,0
2023-07-01,France,18158,0
2023-08-01,France,24471,0
2023-09-01,France,13476,0
2023-10-01,France,13088,0
2023-11-01,France,12002,0
2023-12-01,France,10010,0
2024-01-01,France,12945,0
2024-02-01,France,17244,0
2024-03-01,France,14035,0
2024-04-01,France,16785,0
2024-05-01,France,15066,0
2024-06-01,France,11040,0
2024-07-01,France,21064,0
2024-08-01,France,26916,0
2024-09-01,France,14774,0
2024-10-01,France,14969,0
2024-11-01,France,13671,0
2024-12-01,France,10947,0
2025-01-01,France,12948,0
2025-02-01,France,18937,0
2025-03-01,France,14771,0
2025-04-01,France,15665,0
2025-05-01,France,14639,0
2025-06-01,France,10480,0
2025-07-01,France,24943,0
2025-08-01,France,31826,0
2025-09-01,France,14149,0
2025-10-01,France,14996,0
2025-11-01,France,12683,0
2025-12-01,France,10620,0
2026-01-01,France,13398,0
2008-01-01,Germany,14269,0
2008-02-01,Germany,15670,0
2008-03-01,Germany,18467,0
2008-04-01,Germany,14169,0
2008-05-01,Germany,11609,0
2008-06-01,Germany,10893,0
2008-07-01,Germany,13500,0
2008-08-01,Germany,14690,0
2008-09-01,Germany,14033,0
2008-10-01,Germany,16762,0
2008-11-01,Germany,16946,0
2008-12-01,Germany,14272,0
2009-01-01,Germany,14551,0
2009-02-01,Germany,14985,0
2009-03-01,Germany,19351,0
2009-04-01,Germany,15931,0
2009-05-01,Germany,11002,0
2009-06-01,Germany,10373,0
2009-07-01,Germany,13356,0
2009-08-01,Germany,15563,0
2009-09-01,Germany,14742,0
2009-10-01,Germany,17384,0
2009-11-01,Germany,20619,0
2009-12-01,Germany,15824,0
2010-01-01,Germany,18091,0
2010-02-01,Germany,17337,0
2010-03-01,Germany,24044,0
2010-04-01,Germany,17908,0
2010-05-01,Germany,14058,0
2010-06-01,Germany,11839,0
2010-07-01,Germany,14647,0
2010-08-01,Germany,17269,0
2010-09-01,Germany,15994,0
2010-10-01,Germany,18241,0
2010-11-01,Germany,22283,0
2010-12-01,Germany,17552,0
2011-01-01,Germany,19862,0
2011-02-01,Germany,19290,0
2011-03-01,Germany,23715,0
2011-04-01,Germany,18274,0
2011-05-01,Germany,12628,0
2011-06-01,Germany,12094,0
2011-07-01,Germany,15675,0
2011-08-01,Germany,18141,0
2011-09-01,Germany,17400,0
2011-10-01,Germany,18938,0
2011-11-01,Germany,22487,0
2011-12-01,Germany,21448,0
2012-01-01,Germany,26463,0
2012-02-01,Germany,27868,0
2012-03-01,Germany,30111,0
2012-04-01,Germany,19375,0
2012-05-01,Germany,14377,0
2012-06-01,Germany,13106,0
2012-07-01,Germany,17784,0
2012-08-01,Germany,20355,0
2012-09-01,Germany,19658,0
2012-10-01,Germany,20744,0
2012-11-01,Germany,20254,0
2012-12-01,Germany,22338,0
2013-01-01,Germany,22837,0
2013-02-01,Germany,23053,0
2013-03-01,Germany,31307,0
2013-04-01,Germany,18494,0
2013-05-01,Germany,15763,0
2013-06-01,Germany,13453,0
2013-07-01,Germany,18262,0
2013-08-01,Germany,22265,0
2013-09-01,Germany,21012,0
2013-10-01,Germany,21759,0
2013-11-01,Germany,21213,0
2013-12-01,Germany,22142,0
2014-01-01,Germany,25176,0
2014-02-01,Germany,25422,0
2014-03-01,Germany,30806,0
2014-04-01,Germany,22125,0
2014-05-01,Germany,15425,0
2014-06-01,Germany,13270,0
2014-07-01,Germany,17014,0
2014-08-01,Germany,24544,0
2014-09-01,Germany,22156,0
2014-10-01,Germany,21905,0
2014-11-01,Germany,21514,0
2014-12-01,Germany,24156,0
2015-01-01,Germany,24529,0
2015-02-01,Germany,24937,0
2015-03-01,Germany,31468,0
2015-04-01,Germany,20086,0
2015-05-01,Germany,16266,0
2015-06-01,Germany,13660,0
2015-07-01,Germany,18815,0
2015-08-01,Germany,26784,0
2015-09-01,Germany,22303,0
2015-10-01,Germany,24718,0
2015-11-01,Germany,27994,0
2015-12-01,Germany,35172,0
2016-01-01,Germany,39133,0
2016-02-01,Germany,37455,0
2016-03-01,Germany,40603,0
2016-04-01,Germany,21371,0
2016-05-01,Germany,17868,0
2016-06-01,Germany,13776,0
2016-07-01,Germany,19327,0
2016-08-01,Germany,25895,0
2016-09-01,Germany,22567,0
2016-10-01,Germany,27153,0
2016-11-01,Germany,28441,0
2016-12-01,Germany,35176,0
2017-01-01,Germany,37068,0
2017-02-01,Germany,40022,0
2017-03-01,Germany,43618,0
2017-04-01,Germany,30420,0
2017-05-01,Germany,17427,0
2017-06-01,Germany,16274,0
2017-07-01,Germany,21206,0
2017-08-01,Germany,26590,0
2017-09-01,Germany,24858,0
2017-10-01,Germany,27617,0
2017-11-01,Germany,28423,0
2017-12-01,Germany,28863,0
2018-01-01,Germany,38733,0
2018-02-01,Germany,36701,0
2018-03-01,Germany,36973,0
2018-04-01,Germany,26640,0
2018-05-01,Germany,20136,0
2018-06-01,Germany,17397,0
2018-07-01,Germany,25215,0
2018-08-01,Germany,29525,0
2018-09-01,Germany,28000,0
2018-10-01,Germany,28808,0
2018-11-01,Germany,29465,0
2018-12-01,Germany,39214,0
2019-01-01,Germany,46784,0
2019-02-01,Germany,41522,0
2019-03-01,Germany,44963,0
2019-04-01,Germany,33428,0
2019-05-01,Germany,18753,0
2019-06-01,Germany,17574,0
2019-07-01,Germany,23843,0
2019-08-01,Germany,27209,0
2019-09-01,Germany,26979,0
2019-10-01,Germany,28485,0
2019-11-01,Germany,37191,0
2019-12-01,Germany,34026,0
2020-01-01,Germany,40228,0
2020-02-01,Germany,39857,1
2020-03-01,Germany,14758,1
2020-04-01,Germany,2,1
2020-05-01,Germany,7,1
2020-06-01,Germany,19,1
2020-07-01,Germany,74,1
2020-08-01,Germany,133,1
2020-09-01,Germany,78,1
2020-10-01,Germany,121,1
2020-11-01,Germany,114,1
2020-12-01,Germany,172,1
2021-01-01,Germany,194,1
2021-02-01,Germany,146,1
2021-03-01,Germany,135,1
2021-04-01,Germany,114,1
2021-05-01,Germany,57,1
2021-06-01,Germany,42,1
2021-07-01,Germany,151,1
2021-08-01,Germany,139,1
2021-09-01,Germany,769,1
2021-10-01,Germany,997,1
2021-11-01,Germany,1074,1
2021-12-01,Germany,1594,1
2022-01-01,Germany,1193,0
2022-02-01,Germany,1645,0
2022-03-01,Germany,2434,0
2022-04-01,Germany,5378,0
2022-05-01,Germany,7034,0
2022-06-01,Germany,8868,0
2022-07-01,Germany,12345,0
2022-08-01,Germany,16917,0
2022-09-01,Germany,17810,0
2022-10-01,Germany,18184,0
2022-11-01,Germany,18279,0
2022-12-01,Germany,20499,0
2023-01-01,Germany,26678,0
2023-02-01,Germany,31063,0
2023-03-01,Germany,34976,0
2023-04-01,Germany,24219,0
2023-05-01,Germany,22534,0
2023-06-01,Germany,15026,0
2023-07-01,Germany,21074,0
2023-08-01,Germany,24633,0
2023-09-01,Germany,25075,0
2023-10-01,Germany,24581,0
2023-11-01,Germany,26528,0
2023-12-01,Germany,25476,0
2024-01-01,Germany,40120,0
2024-02-01,Germany,37724,0
2024-03-01,Germany,39351,0
2024-04-01,Germany,27950,0
2024-05-01,Germany,24531,0
2024-06-01,Germany,14014,0
2024-07-01,Germany,21118,0
2024-08-01,Germany,27501,0
2024-09-01,Germany,23795,0
2024-10-01,Germany,26180,0
2024-11-01,Germany,26020,0
2024-12-01,Germany,31729,0
2025-01-01,Germany,39376,0
2025-02-01,Germany,39200,0
2025-03-01,Germany,37577,0
2025-04-01,Germany,30761,0
2025-05-01,Germany,26299,0
2025-06-01,Germany,15844,0
2025-07-01,Germany,23199,0
2025-08-01,Germany,32190,0
2025-09-01,Germany,25397,0
2025-10-01,Germany,26922,0
2025-11-01,Germany,24859,0
2025-12-01,Germany,34756,0
2026-01-01,Germany,34718,0
2008-01-01,Greater China,145726,0
2008-02-01,Greater China,167633,0
2008-03-01,Greater China,140905,0
2008-04-01,Greater China,142790,0
2008-05-01,Greater China,124860,0
2008-06-01,Greater China,108212,0
2008-07-01,Greater China,154705,0
2008-08-01,Greater China,136725,0
2008-09-01,Greater China,100597,0
2008-10-01,Greater China,111262,0
2008-11-01,Greater China,111753,0
2008-12-01,Greater China,101998,0
2009-01-01,Greater China,145972,0
2009-02-01,Greater China,113312,0
2009-03-01,Greater China,125937,0
2009-04-01,Greater China,128044,0
2009-05-01,Greater China,86145,0
2009-06-01,Greater China,76165,0
2009-07-01,Greater China,124316,0
2009-08-01,Greater China,141676,0
2009-09-01,Greater China,92360,0
2009-10-01,Greater China,123066,0
2009-11-01,Greater China,123723,0
2009-12-01,Greater China,120167,0
2010-01-01,Greater China,135038,0
2010-02-01,Greater China,187197,0
2010-03-01,Greater China,130797,0
2010-04-01,Greater China,143627,0
2010-05-01,Greater China,122304,0
2010-06-01,Greater China,117363,0
2010-07-01,Greater China,191372,0
2010-08-01,Greater China,202152,0
2010-09-01,Greater China,117856,0
2010-10-01,Greater China,140932,0
2010-11-01,Greater China,138429,0
2010-12-01,Greater China,146472,0
2011-01-01,Greater China,181388,0
2011-02-01,Greater China,209673,0
2011-03-01,Greater China,179323,0
2011-04-01,Greater China,205001,0
2011-05-01,Greater China,169371,0
2011-06-01,Greater China,164488,0
2011-07-01,Greater China,277466,0
2011-08-01,Greater China,263202,0
2011-09-01,Greater China,156030,0
2011-10-01,Greater China,184153,0
2011-11-01,Greater China,149816,0
2011-12-01,Greater China,167257,0
2012-01-01,Greater China,270576,0
2012-02-01,Greater China,217565,0
2012-03-01,Greater China,240492,0
2012-04-01,Greater China,246075,0
2012-05-01,Greater China,195027,0
2012-06-01,Greater China,182892,0
2012-07-01,Greater China,288258,0
2012-08-01,Greater China,286756,0
2012-09-01,Greater China,183313,0
2012-10-01,Greater China,231172,0
2012-11-01,Greater China,235903,0
2012-12-01,Greater China,236886,0
2013-01-01,Greater China,256173,0
2013-02-01,Greater China,342660,0
2013-03-01,Greater China,280596,0
2013-04-01,Greater China,293857,0
2013-05-01,Greater China,263093,0
2013-06-01,Greater China,243393,0
2013-07-01,Greater China,366741,0
2013-08-01,Greater China,348046,0
2013-09-01,Greater China,241300,0
2013-10-01,Greater China,180418,0
2013-11-01,Greater China,182352,0
2013-12-01,Greater China,188271,0
2014-01-01,Greater China,264443,0
2014-02-01,Greater China,287243,0
2014-03-01,Greater China,232681,0
2014-04-01,Greater China,224305,0
2014-05-01,Greater China,172254,0
2014-06-01,Greater China,167167,0
2014-07-01,Greater China,309197,0
2014-08-01,Greater China,305291,0
2014-09-01,Greater China,173014,0
2014-10-01,Greater China,200246,0
2014-11-01,Greater China,194072,0
2014-12-01,Greater China,192653,0
2015-01-01,Greater China,207586,0
2015-02-01,Greater China,327971,0
2015-03-01,Greater China,198908,0
2015-04-01,Greater China,243881,0
2015-05-01,Greater China,214376,0
2015-06-01,Greater China,222897,0
2015-07-01,Greater China,383975,0
2015-08-01,Greater China,408047,0
2015-09-01,Greater China,219786,0
2015-10-01,Greater China,236418,0
2015-11-01,Greater China,221707,0
2015-12-01,Greater China,240080,0
2016-01-01,Greater China,302777,0
2016-02-01,Greater China,373011,0
2016-03-01,Greater China,328713,0
2016-04-01,Greater China,346908,0
2016-05-01,Greater China,304453,0
2016-06-01,Greater China,302687,0
2016-07-01,Greater China,430751,0
2016-08-01,Greater China,433176,0
2016-09-01,Greater China,232061,0
2016-10-01,Greater China,232317,0
2016-11-01,Greater China,247733,0
2016-12-01,Greater China,286667,0
2017-01-01,Greater China,389744,0
2017-02-01,Greater China,342756,0
2017-03-01,Greater China,328080,0
2017-04-01,Greater China,338068,0
2017-05-01,Greater China,298939,0
2017-06-01,Greater China,283320,0
2017-07-01,Greater China,455964,0
2017-08-01,Greater China,458502,0
2017-09-01,Greater China,289803,0
2017-10-01,Greater China,313669,0
2017-11-01,Greater China,311846,0
2017-12-01,Greater China,305363,0
2018-01-01,Greater China,358429,0
2018-02-01,Greater China,452920,0
2018-03-01,Greater China,349144,0
2018-04-01,Greater China,370121,0
2018-05-01,Greater China,330962,0
2018-06-01,Greater China,316668,0
2018-07-01,Greater China,470287,0
2018-08-01,Greater China,487260,0
2018-09-01,Greater China,309748,0
2018-10-01,Greater China,314537,0
2018-11-01,Greater China,280164,0
2018-12-01,Greater China,302561,0
2019-01-01,Greater China,393850,0
2019-02-01,Greater China,423941,0
2019-03-01,Greater China,365215,0
2019-04-01,Greater China,389376,0
2019-05-01,Greater China,349842,0
2019-06-01,Greater China,338988,0
2019-07-01,Greater China,498897,0
2019-08-01,Greater China,499809,0
2019-09-01,Greater China,318888,0
2019-10-01,Greater China,331072,0
2019-11-01,Greater China,319671,0
2019-12-01,Greater China,342199,0
2020-01-01,Greater China,413392,0
2020-02-01,Greater China,36496,1
2020-03-01,Greater China,8410,1
2020-04-01,Greater China,33,1
2020-05-01,Greater China,29,1
2020-06-01,Greater China,220,1
2020-07-01,Greater China,1410,1
2020-08-01,Greater China,2622,1
2020-09-01,Greater China,2845,1
2020-10-01,Greater China,3626,1
2020-11-01,Greater China,4475,1
2020-12-01,Greater China,8422,1
2021-01-01,Greater China,7222,1
2021-02-01,Greater China,4984,1
2021-03-01,Greater China,9467,1
2021-04-01,Greater China,9591,1
2021-05-01,Greater China,7852,1
2021-06-01,Greater China,7383,1
2021-07-01,Greater China,13514,1
2021-08-01,Greater China,9978,1
2021-09-01,Greater China,10099,1
2021-10-01,Greater China,6971,1
2021-11-01,Greater China,4307,1
2021-12-01,Greater China,5963,1
2022-01-01,Greater China,5759,0
2022-02-01,Greater China,6177,0
2022-03-01,Greater China,8563,0
2022-04-01,Greater China,13729,0
2022-05-01,Greater China,17723,0
2022-06-01,Greater China,23566,0
2022-07-01,Greater China,35493,0
2022-08-01,Greater China,33996,0
2022-09-01,Greater China,36676,0
2022-10-01,Greater China,42415,0
2022-11-01,Greater China,49506,0
2022-12-01,Greater China,60836,0
2023-01-01,Greater China,89388,0
2023-02-01,Greater China,82278,0
2023-03-01,Greater China,105132,0
2023-04-01,Greater China,150903,0
2023-05-01,Greater China,148053,0
2023-06-01,Greater China,167228,0
2023-07-01,Greater China,309869,0
2023-08-01,Greater China,289817,0
2023-09-01,Greater China,188758,0
2023-10-01,Greater China,177880,0
2023-11-01,Greater China,150216,0
2023-12-01,Greater China,176872,0
2024-01-01,Greater China,276899,0
2024-02-01,Greater China,401348,0
2024-03-01,Greater China,315946,0
2024-04-01,Greater China,278900,0
2024-05-01,Greater China,276637,0
2024-06-01,Greater China,277314,0
2024-07-01,Greater China,500095,0
2024-08-01,Greater China,484556,0
2024-09-01,Greater China,275553,0
2024-10-01,Greater China,290844,0
2024-11-01,Greater China,224281,0
2024-12-01,Greater China,240770,0
2025-01-01,Greater China,452741,0
2025-02-01,Greater China,324420,0
2025-03-01,Greater China,238828,0
2025-04-01,Greater China,275456,0
2025-05-01,Greater China,312599,0
2025-06-01,Greater China,259294,0
2025-07-01,Greater China,511059,0
2025-08-01,Greater China,488986,0
2025-09-01,Greater China,257049,0
2025-10-01,Greater China,295886,0
2025-11-01,Greater China,256442,0
2025-12-01,Greater China,219875,0
2026-01-01,Greater China,335259,0
2008-01-01,Hong Kong SAR,19817,0
2008-02-01,Hong Kong SAR,27263,0
2008-03-01,Hong Kong SAR,27600,0
2008-04-01,Hong Kong SAR,20232,0
2008-05-01,Hong Kong SAR,22867,0
2008-06-01,Hong Kong SAR,23055,0
2008-07-01,Hong Kong SAR,28218,0
2008-08-01,Hong Kong SAR,26847,0
2008-09-01,Hong Kong SAR,20765,0
2008-10-01,Hong Kong SAR,20016,0
2008-11-01,Hong Kong SAR,19197,0
2008-12-01,Hong Kong SAR,22238,0
2009-01-01,Hong Kong SAR,23399,0
2009-02-01,Hong Kong SAR,19720,0
2009-03-01,Hong Kong SAR,21290,0
2009-04-01,Hong Kong SAR,28587,0
2009-05-01,Hong Kong SAR,21529,0
2009-06-01,Hong Kong SAR,21703,0
2009-07-01,Hong Kong SAR,33382,0
2009-08-01,Hong Kong SAR,36218,0
2009-09-01,Hong Kong SAR,21509,0
2009-10-01,Hong Kong SAR,25512,0
2009-11-01,Hong Kong SAR,20525,0
2009-12-01,Hong Kong SAR,21046,0
2010-01-01,Hong Kong SAR,19415,0
2010-02-01,Hong Kong SAR,24904,0
2010-03-01,Hong Kong SAR,26245,0
2010-04-01,Hong Kong SAR,35564,0
2010-05-01,Hong Kong SAR,32047,0
2010-06-01,Hong Kong SAR,32190,0
2010-07-01,Hong Kong SAR,46727,0
2010-08-01,Hong Kong SAR,46696,0
2010-09-01,Hong Kong SAR,28469,0
2010-10-01,Hong Kong SAR,32834,0
2010-11-01,Hong Kong SAR,29852,0
2010-12-01,Hong Kong SAR,32636,0
2011-01-01,Hong Kong SAR,29322,0
2011-02-01,Hong Kong SAR,38190,0
2011-03-01,Hong Kong SAR,32721,0
2011-04-01,Hong Kong SAR,52413,0
2011-05-01,Hong Kong SAR,37886,0
2011-06-01,Hong Kong SAR,37962,0
2011-07-01,Hong Kong SAR,56960,0
2011-08-01,Hong Kong SAR,49034,0
2011-09-01,Hong Kong SAR,31113,0
2011-10-01,Hong Kong SAR,31027,0
2011-11-01,Hong Kong SAR,31543,0
2011-12-01,Hong Kong SAR,36204,0
2012-01-01,Hong Kong SAR,39000,0
2012-02-01,Hong Kong SAR,30416,0
2012-03-01,Hong Kong SAR,35154,0
2012-04-01,Hong Kong SAR,47141,0
2012-05-01,Hong Kong SAR,33091,0
2012-06-01,Hong Kong SAR,36897,0
2012-07-01,Hong Kong SAR,50113,0
2012-08-01,Hong Kong SAR,48138,0
2012-09-01,Hong Kong SAR,34584,0
2012-10-01,Hong Kong SAR,38630,0
2012-11-01,Hong Kong SAR,36704,0
2012-12-01,Hong Kong SAR,42299,0
2013-01-01,Hong Kong SAR,32438,0
2013-02-01,Hong Kong SAR,48473,0
2013-03-01,Hong Kong SAR,50220,0
2013-04-01,Hong Kong SAR,40252,0
2013-05-01,Hong Kong SAR,40898,0
2013-06-01,Hong Kong SAR,43857,0
2013-07-01,Hong Kong SAR,67662,0
2013-08-01,Hong Kong SAR,61337,0
2013-09-01,Hong Kong SAR,33514,0
2013-10-01,Hong Kong SAR,37570,0
2013-11-01,Hong Kong SAR,38801,0
2013-12-01,Hong Kong SAR,44788,0
2014-01-01,Hong Kong SAR,41909,0
2014-02-01,Hong Kong SAR,48440,0
2014-03-01,Hong Kong SAR,43218,0
2014-04-01,Hong Kong SAR,69675,0
2014-05-01,Hong Kong SAR,47859,0
2014-06-01,Hong Kong SAR,47182,0
2014-07-01,Hong Kong SAR,80808,0
2014-08-01,Hong Kong SAR,87173,0
2014-09-01,Hong Kong SAR,39931,0
2014-10-01,Hong Kong SAR,40146,0
2014-11-01,Hong Kong SAR,39019,0
2014-12-01,Hong Kong SAR,45669,0
2015-01-01,Hong Kong SAR,34012,0
2015-02-01,Hong Kong SAR,46985,0
2015-03-01,Hong Kong SAR,41803,0
2015-04-01,Hong Kong SAR,58959,0
2015-05-01,Hong Kong SAR,45742,0
2015-06-01,Hong Kong SAR,45453,0
2015-07-01,Hong Kong SAR,82817,0
2015-08-01,Hong Kong SAR,89436,0
2015-09-01,Hong Kong SAR,40315,0
2015-10-01,Hong Kong SAR,41272,0
2015-11-01,Hong Kong SAR,37241,0
2015-12-01,Hong Kong SAR,45853,0
2016-01-01,Hong Kong SAR,34742,0
2016-02-01,Hong Kong SAR,49837,0
2016-03-01,Hong Kong SAR,58341,0
2016-04-01,Hong Kong SAR,42712,0
2016-05-01,Hong Kong SAR,39959,0
2016-06-01,Hong Kong SAR,42330,0
2016-07-01,Hong Kong SAR,69847,0
2016-08-01,Hong Kong SAR,70842,0
2016-09-01,Hong Kong SAR,30252,0
2016-10-01,Hong Kong SAR,31512,0
2016-11-01,Hong Kong SAR,30832,0
2016-12-01,Hong Kong SAR,36763,0
2017-01-01,Hong Kong SAR,34436,0
2017-02-01,Hong Kong SAR,33169,0
2017-03-01,Hong Kong SAR,33561,0
2017-04-01,Hong Kong SAR,53971,0
2017-05-01,Hong Kong SAR,33784,0
2017-06-01,Hong Kong SAR,32684,0
2017-07-01,Hong Kong SAR,54124,0
2017-08-01,Hong Kong SAR,55265,0
2017-09-01,Hong Kong SAR,31937,0
2017-10-01,Hong Kong SAR,32964,0
2017-11-01,Hong Kong SAR,33174,0
2017-12-01,Hong Kong SAR,36712,0
2018-01-01,Hong Kong SAR,29758,0
2018-02-01,Hong Kong SAR,36433,0
2018-03-01,Hong Kong SAR,41979,0
2018-04-01,Hong Kong SAR,41414,0
2018-05-01,Hong Kong SAR,36379,0
2018-06-01,Hong Kong SAR,38115,0
2018-07-01,Hong Kong SAR,52507,0
2018-08-01,Hong Kong SAR,56484,0
2018-09-01,Hong Kong SAR,35588,0
2018-10-01,Hong Kong SAR,34865,0
2018-11-01,Hong Kong SAR,32620,0
2018-12-01,Hong Kong SAR,36982,0
2019-01-01,Hong Kong SAR,30056,0
2019-02-01,Hong Kong SAR,38921,0
2019-03-01,Hong Kong SAR,34355,0
2019-04-01,Hong Kong SAR,52206,0
2019-05-01,Hong Kong SAR,36429,0
2019-06-01,Hong Kong SAR,36226,0
2019-07-01,Hong Kong SAR,50820,0
2019-08-01,Hong Kong SAR,52768,0
2019-09-01,Hong Kong SAR,35351,0
2019-10-01,Hong Kong SAR,36073,0
2019-11-01,Hong Kong SAR,40383,0
2019-12-01,Hong Kong SAR,44954,0
2020-01-01,Hong Kong SAR,38681,0
2020-02-01,Hong Kong SAR,12808,1
2020-03-01,Hong Kong SAR,5315,1
2020-04-01,Hong Kong SAR,13,1
2020-05-01,Hong Kong SAR,2,1
2020-06-01,Hong Kong SAR,68,1
2020-07-01,Hong Kong SAR,333,1
2020-08-01,Hong Kong SAR,342,1
2020-09-01,Hong Kong SAR,291,1
2020-10-01,Hong Kong SAR,300,1
2020-11-01,Hong Kong SAR,313,1
2020-12-01,Hong Kong SAR,510,1
2021-01-01,Hong Kong SAR,288,1
2021-02-01,Hong Kong SAR,245,1
2021-03-01,Hong Kong SAR,245,1
2021-04-01,Hong Kong SAR,221,1
2021-05-01,Hong Kong SAR,276,1
2021-06-01,Hong Kong SAR,361,1
2021-07-01,Hong Kong SAR,750,1
2021-08-01,Hong Kong SAR,602,1
2021-09-01,Hong Kong SAR,669,1
2021-10-01,Hong Kong SAR,494,1
2021-11-01,Hong Kong SAR,527,1
2021-12-01,Hong Kong SAR,754,1
2022-01-01,Hong Kong SAR,901,0
2022-02-01,Hong Kong SAR,1794,0
2022-03-01,Hong Kong SAR,3774,0
2022-04-01,Hong Kong SAR,7244,0
2022-05-01,Hong Kong SAR,8115,0
2022-06-01,Hong Kong SAR,9220,0
2022-07-01,Hong Kong SAR,11343,0
2022-08-01,Hong Kong SAR,10669,0
2022-09-01,Hong Kong SAR,13659,0
2022-10-01,Hong Kong SAR,16052,0
2022-11-01,Hong Kong SAR,19670,0
2022-12-01,Hong Kong SAR,26605,0
2023-01-01,Hong Kong SAR,26208,0
2023-02-01,Hong Kong SAR,20227,0
2023-03-01,Hong Kong SAR,23465,0
2023-04-01,Hong Kong SAR,32791,0
2023-05-01,Hong Kong SAR,26356,0
2023-06-01,Hong Kong SAR,23179,0
2023-07-01,Hong Kong SAR,32175,0
2023-08-01,Hong Kong SAR,32627,0
2023-09-01,Hong Kong SAR,25848,0
2023-10-01,Hong Kong SAR,25108,0
2023-11-01,Hong Kong SAR,22646,0
2023-12-01,Hong Kong SAR,26440,0
2024-01-01,Hong Kong SAR,23419,0
2024-02-01,Hong Kong SAR,26507,0
2024-03-01,Hong Kong SAR,35786,0
2024-04-01,Hong Kong SAR,26453,0
2024-05-01,Hong Kong SAR,24044,0
2024-06-01,Hong Kong SAR,23831,0
2024-07-01,Hong Kong SAR,33769,0
2024-08-01,Hong Kong SAR,35682,0
2024-09-01,Hong Kong SAR,26627,0
2024-10-01,Hong Kong SAR,25197,0
2024-11-01,Hong Kong SAR,24541,0
2024-12-01,Hong Kong SAR,23487,0
2025-01-01,Hong Kong SAR,25869,0
2025-02-01,Hong Kong SAR,21228,0
2025-03-01,Hong Kong SAR,23378,0
2025-04-01,Hong Kong SAR,34549,0
2025-05-01,Hong Kong SAR,32814,0
2025-06-01,Hong Kong SAR,27750,0
2025-07-01,Hong Kong SAR,38198,0
2025-08-01,Hong Kong SAR,38784,0
2025-09-01,Hong Kong SAR,22474,0
2025-10-01,Hong Kong SAR,26182,0
2025-11-01,Hong Kong SAR,25066,0
2025-12-01,Hong Kong SAR,21355,0
2026-01-01,Hong Kong SAR,19419,0
2008-01-01,India,58365,0
2008-02-01,India,49078,0
2008-03-01,India,57776,0
2008-04-01,India,62908,0
2008-05-01,India,103468,0
2008-06-01,India,84143,0
2008-07-01,India,63373,0
2008-08-01,India,58626,0
2008-09-01,India,53488,0
2008-10-01,India,67510,0
2008-11-01,India,56927,0
2008-12-01,India,62641,0
2009-01-01,India,46752,0
2009-02-01,India,42275,0
2009-03-01,India,46779,0
2009-04-01,India,55994,0
2009-05-01,India,90395,0
2009-06-01,India,78538,0
2009-07-01,India,65978,0
2009-08-01,India,54631,0
2009-09-01,India,57110,0
2009-10-01,India,67239,0
2009-11-01,India,49836,0
2009-12-01,India,70097,0
2010-01-01,India,57404,0
2010-02-01,India,46061,0
2010-03-01,India,53966,0
2010-04-01,India,73219,0
2010-05-01,India,115965,0
2010-06-01,India,83472,0
2010-07-01,India,64912,0
2010-08-01,India,57109,0
2010-09-01,India,54860,0
2010-10-01,India,75574,0
2010-11-01,India,72920,0
2010-12-01,India,73532,0
2011-01-01,India,63078,0
2011-02-01,India,50696,0
2011-03-01,India,57601,0
2011-04-01,India,74097,0
2011-05-01,India,114316,0
2011-06-01,India,90742,0
2011-07-01,India,71209,0
2011-08-01,India,60926,0
2011-09-01,India,58309,0
2011-10-01,India,77196,0
2011-11-01,India,72387,0
2011-12-01,India,78434,0
2012-01-01,India,57265,0
2012-02-01,India,61815,0
2012-03-01,India,65547,0
2012-04-01,India,76035,0
2012-05-01,India,124147,0
2012-06-01,India,93694,0
2012-07-01,India,68749,0
2012-08-01,India,63579,0
2012-09-01,India,58748,0
2012-10-01,India,72348,0
2012-11-01,India,74794,0
2012-12-01,India,78272,0
2013-01-01,India,71162,0
2013-02-01,India,59665,0
2013-03-01,India,70480,0
2013-04-01,India,76103,0
2013-05-01,India,122030,0
2013-06-01,India,99754,0
2013-07-01,India,73550,0
2013-08-01,India,66274,0
2013-09-01,India,64556,0
2013-10-01,India,72429,0
2013-11-01,India,74389,0
2013-12-01,India,83161,0
2014-01-01,India,65557,0
2014-02-01,India,62999,0
2014-03-01,India,70488,0
2014-04-01,India,79536,0
2014-05-01,India,118953,0
2014-06-01,India,94738,0
2014-07-01,India,72724,0
2014-08-01,India,69960,0
2014-09-01,India,65751,0
2014-10-01,India,88855,0
2014-11-01,India,71555,0
2014-12-01,India,82520,0
2015-01-01,India,73605,0
2015-02-01,India,60016,0
2015-03-01,India,70302,0
2015-04-01,India,84041,0
2015-05-01,India,130511,0
2015-06-01,India,101773,0
2015-07-01,India,83806,0
2015-08-01,India,77137,0
2015-09-01,India,69846,0
2015-10-01,India,86649,0
2015-11-01,India,88350,0
2015-12-01,India,87950,0
2016-01-01,India,81363,0
2016-02-01,India,64702,0
2016-03-01,India,78859,0
2016-04-01,India,94578,0
2016-05-01,India,141986,0
2016-06-01,India,112026,0
2016-07-01,India,87919,0
2016-08-01,India,80977,0
2016-09-01,India,75074,0
2016-10-01,India,94649,0
2016-11-01,India,90734,0
2016-12-01,India,94323,0
2017-01-01,India,80062,0
2017-02-01,India,75905,0
2017-03-01,India,85299,0
2017-04-01,India,109303,0
2017-05-01,India,172822,0
2017-06-01,India,136478,0
2017-07-01,India,97125,0
2017-08-01,India,91551,0
2017-09-01,India,102262,0
2017-10-01,India,120100,0
2017-11-01,India,86432,0
2017-12-01,India,114738,0
2018-01-01,India,108067,0
2018-02-01,India,81797,0
2018-03-01,India,105560,0
2018-04-01,India,122229,0
2018-05-01,India,196072,0
2018-06-01,India,154945,0
2018-07-01,India,117798,0
2018-08-01,India,100744,0
2018-09-01,India,102251,0
2018-10-01,India,114000,0
2018-11-01,India,121319,0
2018-12-01,India,117495,0
2019-01-01,India,104562,0
2019-02-01,India,88926,0
2019-03-01,India,106506,0
2019-04-01,India,120225,0
2019-05-01,India,182727,0
2019-06-01,India,144118,0
2019-07-01,India,112026,0
2019-08-01,India,108736,0
2019-09-01,India,105075,0
2019-10-01,India,116182,0
2019-11-01,India,113717,0
2019-12-01,India,115193,0
2020-01-01,India,99643,0
2020-02-01,India,52946,1
2020-03-01,India,17848,1
2020-04-01,India,87,1
2020-05-01,India,79,1
2020-06-01,India,130,1
2020-07-01,India,634,1
2020-08-01,India,581,1
2020-09-01,India,394,1
2020-10-01,India,428,1
2020-11-01,India,500,1
2020-12-01,India,2252,1
2021-01-01,India,3946,1
2021-02-01,India,3215,1
2021-03-01,India,4193,1
2021-04-01,India,3729,1
2021-05-01,India,84,1
2021-06-01,India,12,1
2021-07-01,India,332,1
2021-08-01,India,95,1
2021-09-01,India,678,1
2021-10-01,India,2936,1
2021-11-01,India,7488,1
2021-12-01,India,27672,1
2022-01-01,India,11428,0
2022-02-01,India,15567,0
2022-03-01,India,27531,0
2022-04-01,India,41079,0
2022-05-01,India,59198,0
2022-06-01,India,64337,0
2022-07-01,India,75130,0
2022-08-01,India,76249,0
2022-09-01,India,86393,0
2022-10-01,India,81796,0
2022-11-01,India,73694,0
2022-12-01,India,74067,0
2023-01-01,India,56605,0
2023-02-01,India,61301,0
2023-03-01,India,75339,0
2023-04-01,India,97032,0
2023-05-01,India,130444,0
2023-06-01,India,114588,0
2023-07-01,India,93056,0
2023-08-01,India,83601,0
2023-09-01,India,81016,0
2023-10-01,India,94334,0
2023-11-01,India,90231,0
2023-12-01,India,92620,0
2024-01-01,India,82113,0
2024-02-01,India,66149,0
2024-03-01,India,97027,0
2024-04-01,India,106715,0
2024-05-01,India,156572,0
2024-06-01,India,120380,0
2024-07-01,India,89701,0
2024-08-01,India,91805,0
2024-09-01,India,87767,0
2024-10-01,India,102233,0
2024-11-01,India,92905,0
2024-12-01,India,103740,0
2025-01-01,India,85400,0
2025-02-01,India,74869,0
2025-03-01,India,101198,0
2025-04-01,India,118660,0
2025-05-01,India,154403,0
2025-06-01,India,112726,0
2025-07-01,India,85791,0
2025-08-01,India,91142,0
2025-09-01,India,99038,0
2025-10-01,India,103054,0
2025-11-01,India,84252,0
2025-12-01,India,96629,0
2026-01-01,India,85995,0
2008-01-01,Indonesia,155708,0
2008-02-01,Indonesia,124940,0
2008-03-01,Indonesia,155238,0
2008-04-01,Indonesia,131809,0
2008-05-01,Indonesia,137243,0
2008-06-01,Indonesia,154546,0
2008-07-01,Indonesia,168492,0
2008-08-01,Indonesia,134811,0
2008-09-01,Indonesia,144158,0
2008-10-01,Indonesia,158276,0
2008-11-01,Indonesia,119530,0
2008-12-01,Indonesia,180678,0
2009-01-01,Indonesia,118342,0
2009-02-01,Indonesia,103501,0
2009-03-01,Indonesia,128446,0
2009-04-01,Indonesia,126815,0
2009-05-01,Indonesia,129444,0
2009-06-01,Indonesia,159603,0
2009-07-01,Indonesia,169634,0
2009-08-01,Indonesia,131985,0
2009-09-01,Indonesia,182901,0
2009-10-01,Indonesia,137011,0
2009-11-01,Indonesia,143014,0
2009-12-01,Indonesia,214634,0
2010-01-01,Indonesia,173640,0
2010-02-01,Indonesia,143921,0
2010-03-01,Indonesia,166036,0
2010-04-01,Indonesia,163076,0
2010-05-01,Indonesia,185809,0
2010-06-01,Indonesia,214445,0
2010-07-01,Indonesia,232630,0
2010-08-01,Indonesia,165525,0
2010-09-01,Indonesia,243869,0
2010-10-01,Indonesia,178939,0
2010-11-01,Indonesia,176118,0
2010-12-01,Indonesia,262235,0
2011-01-01,Indonesia,208232,0
2011-02-01,Indonesia,177003,0
2011-03-01,Indonesia,191842,0
2011-04-01,Indonesia,194335,0
2011-05-01,Indonesia,199881,0
2011-06-01,Indonesia,253383,0
2011-07-01,Indonesia,251419,0
2011-08-01,Indonesia,228209,0
2011-09-01,Indonesia,221319,0
2011-10-01,Indonesia,193879,0
2011-11-01,Indonesia,188488,0
2011-12-01,Indonesia,284232,0
2012-01-01,Indonesia,230500,0
2012-02-01,Indonesia,211738,0
2012-03-01,Indonesia,227695,0
2012-04-01,Indonesia,214289,0
2012-05-01,Indonesia,228359,0
2012-06-01,Indonesia,253510,0
2012-07-01,Indonesia,246772,0
2012-08-01,Indonesia,276938,0
2012-09-01,Indonesia,195481,0
2012-10-01,Indonesia,215668,0
2012-11-01,Indonesia,229432,0
2012-12-01,Indonesia,307155,0
2013-01-01,Indonesia,254725,0
2013-02-01,Indonesia,196059,0
2013-03-01,Indonesia,259244,0
2013-04-01,Indonesia,218602,0
2013-05-01,Indonesia,251092,0
2013-06-01,Indonesia,295907,0
2013-07-01,Indonesia,260700,0
2013-08-01,Indonesia,328174,0
2013-09-01,Indonesia,218751,0
2013-10-01,Indonesia,246115,0
2013-11-01,Indonesia,238233,0
2013-12-01,Indonesia,321257,0
2014-01-01,Indonesia,284126,0
2014-02-01,Indonesia,219036,0
2014-03-01,Indonesia,246308,0
2014-04-01,Indonesia,230236,0
2014-05-01,Indonesia,267714,0
2014-06-01,Indonesia,278181,0
2014-07-01,Indonesia,296880,0
2014-08-01,Indonesia,234710,0
2014-09-01,Indonesia,206593,0
2014-10-01,Indonesia,226630,0
2014-11-01,Indonesia,219369,0
2014-12-01,Indonesia,315395,0
2015-01-01,Indonesia,236295,0
2015-02-01,Indonesia,184183,0
2015-03-01,Indonesia,211347,0
2015-04-01,Indonesia,207138,0
2015-05-01,Indonesia,238688,0
2015-06-01,Indonesia,238403,0
2015-07-01,Indonesia,305600,0
2015-08-01,Indonesia,205671,0
2015-09-01,Indonesia,187629,0
2015-10-01,Indonesia,204574,0
2015-11-01,Indonesia,200687,0
2015-12-01,Indonesia,311475,0
2016-01-01,Indonesia,249876,0
2016-02-01,Indonesia,216284,0
2016-03-01,Indonesia,238160,0
2016-04-01,Indonesia,215353,0
2016-05-01,Indonesia,258606,0
2016-06-01,Indonesia,235444,0
2016-07-01,Indonesia,319759,0
2016-08-01,Indonesia,210626,0
2016-09-01,Indonesia,186610,0
2016-10-01,Indonesia,213070,0
2016-11-01,Indonesia,219845,0
2016-12-01,Indonesia,329994,0
2017-01-01,Indonesia,254634,0
2017-02-01,Indonesia,208853,0
2017-03-01,Indonesia,256636,0
2017-04-01,Indonesia,248048,0
2017-05-01,Indonesia,220534,0
2017-06-01,Indonesia,281171,0
2017-07-01,Indonesia,268010,0
2017-08-01,Indonesia,217339,0
2017-09-01,Indonesia,216278,0
2017-10-01,Indonesia,221036,0
2017-11-01,Indonesia,231705,0
2017-12-01,Indonesia,330156,0
2018-01-01,Indonesia,265384,0
2018-02-01,Indonesia,221178,0
2018-03-01,Indonesia,260685,0
2018-04-01,Indonesia,235260,0
2018-05-01,Indonesia,227536,0
2018-06-01,Indonesia,332990,0
2018-07-01,Indonesia,263277,0
2018-08-01,Indonesia,217787,0
2018-09-01,Indonesia,224629,0
2018-10-01,Indonesia,225244,0
2018-11-01,Indonesia,226425,0
2018-12-01,Indonesia,321060,0
2019-01-01,Indonesia,261622,0
2019-02-01,Indonesia,213991,0
2019-03-01,Indonesia,249164,0
2019-04-01,Indonesia,240868,0
2019-05-01,Indonesia,215825,0
2019-06-01,Indonesia,311036,0
2019-07-01,Indonesia,294173,0
2019-08-01,Indonesia,228095,0
2019-09-01,Indonesia,237637,0
2019-10-01,Indonesia,251936,0
2019-11-01,Indonesia,266774,0
2019-12-01,Indonesia,339505,0
2020-01-01,Indonesia,282144,0
2020-02-01,Indonesia,115351,1
2020-03-01,Indonesia,46499,1
2020-04-01,Indonesia,208,1
2020-05-01,Indonesia,196,1
2020-06-01,Indonesia,301,1
2020-07-01,Indonesia,793,1
2020-08-01,Indonesia,1027,1
2020-09-01,Indonesia,1428,1
2020-10-01,Indonesia,2424,1
2020-11-01,Indonesia,3121,1
2020-12-01,Indonesia,4204,1
2021-01-01,Indonesia,2625,1
2021-02-01,Indonesia,2176,1
2021-03-01,Indonesia,3032,1
2021-04-01,Indonesia,3278,1
2021-05-01,Indonesia,1800,1
2021-06-01,Indonesia,519,1
2021-07-01,Indonesia,156,1
2021-08-01,Indonesia,315,1
2021-09-01,Indonesia,669,1
2021-10-01,Indonesia,1954,1
2021-11-01,Indonesia,5756,1
2021-12-01,Indonesia,11177,1
2022-01-01,Indonesia,5885,0
2022-02-01,Indonesia,6872,0
2022-03-01,Indonesia,13622,0
2022-04-01,Indonesia,58330,0
2022-05-01,Indonesia,86745,0
2022-06-01,Indonesia,110094,0
2022-07-01,Indonesia,119086,0
2022-08-01,Indonesia,108252,0
2022-09-01,Indonesia,120169,0
2022-10-01,Indonesia,133408,0
2022-11-01,Indonesia,144444,0
2022-12-01,Indonesia,197261,0
2023-01-01,Indonesia,168975,0
2023-02-01,Indonesia,156448,0
2023-03-01,Indonesia,171507,0
2023-04-01,Indonesia,220067,0
2023-05-01,Indonesia,183758,0
2023-06-01,Indonesia,217052,0
2023-07-01,Indonesia,229886,0
2023-08-01,Indonesia,168122,0
2023-09-01,Indonesia,175603,0
2023-10-01,Indonesia,180884,0
2023-11-01,Indonesia,184281,0
2023-12-01,Indonesia,244322,0
2024-01-01,Indonesia,268958,0
2024-02-01,Indonesia,190713,0
2024-03-01,Indonesia,204970,0
2024-04-01,Indonesia,243892,0
2024-05-01,Indonesia,189182,0
2024-06-01,Indonesia,200085,0
2024-07-01,Indonesia,209826,0
2024-08-01,Indonesia,163910,0
2024-09-01,Indonesia,173613,0
2024-10-01,Indonesia,183714,0
2024-11-01,Indonesia,194446,0
2024-12-01,Indonesia,266033,0
2025-01-01,Indonesia,251772,0
2025-02-01,Indonesia,192616,0
2025-03-01,Indonesia,195890,0
2025-04-01,Indonesia,236847,0
2025-05-01,Indonesia,197881,0
2025-06-01,Indonesia,205552,0
2025-07-01,Indonesia,223463,0
2025-08-01,Indonesia,162901,0
2025-09-01,Indonesia,169866,0
2025-10-01,Indonesia,177211,0
2025-11-01,Indonesia,181468,0
2025-12-01,Indonesia,244364,0
2026-01-01,Indonesia,218439,0
2008-01-01,Iran,1045,0
2008-02-01,Iran,1259,0
2008-03-01,Iran,6760,0
2008-04-01,Iran,772,0
2008-05-01,Iran,634,0
2008-06-01,Iran,1021,0
2008-07-01,Iran,844,0
2008-08-01,Iran,1714,0
2008-09-01,Iran,1336,0
2008-10-01,Iran,1243,0
2008-11-01,Iran,1063,0
2008-12-01,Iran,1392,0
2009-01-01,Iran,1034,0
2009-02-01,Iran,1525,0
2009-03-01,Iran,8136,0
2009-04-01,Iran,911,0
2009-05-01,Iran,790,0
2009-06-01,Iran,1362,0
2009-07-01,Iran,1249,0
2009-08-01,Iran,1864,0
2009-09-01,Iran,1934,0
2009-10-01,Iran,1336,0
2009-11-01,Iran,1722,0
2009-12-01,Iran,2054,0
2010-01-01,Iran,1779,0
2010-02-01,Iran,4042,0
2010-03-01,Iran,10024,0
2010-04-01,Iran,1184,0
2010-05-01,Iran,1448,0
2010-06-01,Iran,2118,0
2010-07-01,Iran,2032,0
2010-08-01,Iran,2727,0
2010-09-01,Iran,4182,0
2010-10-01,Iran,2215,0
2010-11-01,Iran,2512,0
2010-12-01,Iran,2669,0
2011-01-01,Iran,2279,0
2011-02-01,Iran,3038,0
2011-03-01,Iran,8787,0
2011-04-01,Iran,1064,0
2011-05-01,Iran,1678,0
2011-06-01,Iran,2020,0
2011-07-01,Iran,2182,0
2011-08-01,Iran,2339,0
2011-09-01,Iran,3485,0
2011-10-01,Iran,1706,0
2011-11-01,Iran,1827,0
2011-12-01,Iran,2029,0
2012-01-01,Iran,1726,0
2012-02-01,Iran,1483,0
2012-03-01,Iran,5048,0
2012-04-01,Iran,886,0
2012-05-01,Iran,924,0
2012-06-01,Iran,1345,0
2012-07-01,Iran,1403,0
2012-08-01,Iran,1985,0
2012-09-01,Iran,1747,0
2012-10-01,Iran,575,0
2012-11-01,Iran,738,0
2012-12-01,Iran,693,0
2013-01-01,Iran,675,0
2013-02-01,Iran,731,0
2013-03-01,Iran,2223,0
2013-04-01,Iran,504,0
2013-05-01,Iran,421,0
2013-06-01,Iran,699,0
2013-07-01,Iran,606,0
2013-08-01,Iran,961,0
2013-09-01,Iran,1431,0
2013-10-01,Iran,883,0
2013-11-01,Iran,732,0
2013-12-01,Iran,1090,0
2014-01-01,Iran,898,0
2014-02-01,Iran,896,0
2014-03-01,Iran,3433,0
2014-04-01,Iran,577,0
2014-05-01,Iran,443,0
2014-06-01,Iran,685,0
2014-07-01,Iran,844,0
2014-08-01,Iran,892,0
2014-09-01,Iran,1254,0
2014-10-01,Iran,756,0
2014-11-01,Iran,758,0
2014-12-01,Iran,934,0
2015-01-01,Iran,601,0
2015-02-01,Iran,632,0
2015-03-01,Iran,2937,0
2015-04-01,Iran,548,0
2015-05-01,Iran,488,0
2015-06-01,Iran,646,0
2015-07-01,Iran,665,0
2015-08-01,Iran,889,0
2015-09-01,Iran,1473,0
2015-10-01,Iran,943,0
2015-11-01,Iran,1048,0
2015-12-01,Iran,1397,0
2016-01-01,Iran,1156,0
2016-02-01,Iran,1516,0
2016-03-01,Iran,6275,0
2016-04-01,Iran,819,0
2016-05-01,Iran,1198,0
2016-06-01,Iran,972,0
2016-07-01,Iran,1529,0
2016-08-01,Iran,1901,0
2016-09-01,Iran,2534,0
2016-10-01,Iran,1718,0
2016-11-01,Iran,1632,0
2016-12-01,Iran,1391,0
2017-01-01,Iran,1421,0
2017-02-01,Iran,1704,0
2017-03-01,Iran,8000,0
2017-04-01,Iran,922,0
2017-05-01,Iran,1115,0
2017-06-01,Iran,1607,0
2017-07-01,Iran,1423,0
2017-08-01,Iran,1724,0
2017-09-01,Iran,2840,0
2017-10-01,Iran,1423,0
2017-11-01,Iran,1402,0
2017-12-01,Iran,1304,0
2018-01-01,Iran,1673,0
2018-02-01,Iran,1777,0
2018-03-01,Iran,4963,0
2018-04-01,Iran,937,0
2018-05-01,Iran,551,0
2018-06-01,Iran,822,0
2018-07-01,Iran,923,0
2018-08-01,Iran,874,0
2018-09-01,Iran,551,0
2018-10-01,Iran,233,0
2018-11-01,Iran,342,0
2018-12-01,Iran,292,0
2019-01-01,Iran,420,0
2019-02-01,Iran,446,0
2019-03-01,Iran,1864,0
2019-04-01,Iran,323,0
2019-05-01,Iran,212,0
2019-06-01,Iran,388,0
2019-07-01,Iran,413,0
2019-08-01,Iran,798,0
2019-09-01,Iran,1083,0
2019-10-01,Iran,738,0
2019-11-01,Iran,698,0
2019-12-01,Iran,581,0
2020-01-01,Iran,493,0
2020-02-01,Iran,518,1
2020-03-01,Iran,8,1
2020-04-01,Iran,0,1
2020-05-01,Iran,0,1
2020-06-01,Iran,0,1
2020-07-01,Iran,0,1
2020-08-01,Iran,11,1
2020-09-01,Iran,6,1
2020-10-01,Iran,2,1
2020-11-01,Iran,8,1
2020-12-01,Iran,6,1
2021-01-01,Iran,4,1
2021-02-01,Iran,4,1
2021-03-01,Iran,8,1
2021-04-01,Iran,4,1
2021-05-01,Iran,0,1
2021-06-01,Iran,0,1
2021-07-01,Iran,0,1
2021-08-01,Iran,2,1
2021-09-01,Iran,6,1
2021-10-01,Iran,10,1
2021-11-01,Iran,5,1
2021-12-01,Iran,11,1
2022-01-01,Iran,3,0
2022-02-01,Iran,4,0
2022-03-01,Iran,12,0
2022-04-01,Iran,21,0
2022-05-01,Iran,127,0
2022-06-01,Iran,169,0
2022-07-01,Iran,135,0
2022-08-01,Iran,122,0
2022-09-01,Iran,184,0
2022-10-01,Iran,232,0
2022-11-01,Iran,232,0
2022-12-01,Iran,126,0
2023-01-01,Iran,156,0
2023-02-01,Iran,175,0
2023-03-01,Iran,1414,0
2023-04-01,Iran,421,0
2023-05-01,Iran,190,0
2023-06-01,Iran,322,0
2023-07-01,Iran,298,0
2023-08-01,Iran,406,0
2023-09-01,Iran,1009,0
2023-10-01,Iran,521,0
2023-11-01,Iran,560,0
2023-12-01,Iran,427,0
2024-01-01,Iran,409,0
2024-02-01,Iran,506,0
2024-03-01,Iran,2207,0
2024-04-01,Iran,404,0
2024-05-01,Iran,340,0
2024-06-01,Iran,437,0
2024-07-01,Iran,404,0
2024-08-01,Iran,521,0
2024-09-01,Iran,853,0
2024-10-01,Iran,385,0
2024-11-01,Iran,400,0
2024-12-01,Iran,430,0
2025-01-01,Iran,390,0
2025-02-01,Iran,325,0
2025-03-01,Iran,1565,0
2025-04-01,Iran,509,0
2025-05-01,Iran,222,0
2025-06-01,Iran,194,0
2025-07-01,Iran,114,0
2025-08-01,Iran,285,0
2025-09-01,Iran,539,0
2025-10-01,Iran,493,0
2025-11-01,Iran,571,0
2025-12-01,Iran,650,0
2026-01-01,Iran,501,0
2008-01-01,Israel,1147,0
2008-02-01,Israel,1149,0
2008-03-01,Israel,1024,0
2008-04-01,Israel,816,0
2008-05-01,Israel,828,0
2008-06-01,Israel,905,0
2008-07-01,Israel,863,0
2008-08-01,Israel,892,0
2008-09-01,Israel,912,0
2008-10-01,Israel,1075,0
2008-11-01,Israel,1002,0
2008-12-01,Israel,789,0
2009-01-01,Israel,847,0
2009-02-01,Israel,994,0
2009-03-01,Israel,1025,0
2009-04-01,Israel,606,0
2009-05-01,Israel,745,0
2009-06-01,Israel,846,0
2009-07-01,Israel,856,0
2009-08-01,Israel,1088,0
2009-09-01,Israel,857,0
2009-10-01,Israel,1083,0
2009-11-01,Israel,1051,0
2009-12-01,Israel,886,0
2010-01-01,Israel,1277,0
2010-02-01,Israel,997,0
2010-03-01,Israel,1175,0
2010-04-01,Israel,957,0
2010-05-01,Israel,1029,0
2010-06-01,Israel,1174,0
2010-07-01,Israel,918,0
2010-08-01,Israel,1199,0
2010-09-01,Israel,785,0
2010-10-01,Israel,1109,0
2010-11-01,Israel,1310,0
2010-12-01,Israel,903,0
2011-01-01,Israel,1120,0
2011-02-01,Israel,1040,0
2011-03-01,Israel,1084,0
2011-04-01,Israel,931,0
2011-05-01,Israel,984,0
2011-06-01,Israel,881,0
2011-07-01,Israel,1170,0
2011-08-01,Israel,1006,0
2011-09-01,Israel,922,0
2011-10-01,Israel,1136,0
2011-11-01,Israel,1085,0
2011-12-01,Israel,778,0
2012-01-01,Israel,1138,0
2012-02-01,Israel,1336,0
2012-03-01,Israel,1216,0
2012-04-01,Israel,979,0
2012-05-01,Israel,977,0
2012-06-01,Israel,1088,0
2012-07-01,Israel,1239,0
2012-08-01,Israel,999,0
2012-09-01,Israel,1171,0
2012-10-01,Israel,1331,0
2012-11-01,Israel,1091,0
2012-12-01,Israel,1035,0
2013-01-01,Israel,1351,0
2013-02-01,Israel,1196,0
2013-03-01,Israel,1241,0
2013-04-01,Israel,1023,0
2013-05-01,Israel,1044,0
2013-06-01,Israel,1215,0
2013-07-01,Israel,1313,0
2013-08-01,Israel,1270,0
2013-09-01,Israel,1330,0
2013-10-01,Israel,1254,0
2013-11-01,Israel,1175,0
2013-12-01,Israel,1167,0
2014-01-01,Israel,1325,0
2014-02-01,Israel,1556,0
2014-03-01,Israel,1320,0
2014-04-01,Israel,1273,0
2014-05-01,Israel,1075,0
2014-06-01,Israel,1193,0
2014-07-01,Israel,1065,0
2014-08-01,Israel,1166,0
2014-09-01,Israel,1134,0
2014-10-01,Israel,1441,0
2014-11-01,Israel,1602,0
2014-12-01,Israel,1120,0
2015-01-01,Israel,1425,0
2015-02-01,Israel,1347,0
2015-03-01,Israel,1414,0
2015-04-01,Israel,1264,0
2015-05-01,Israel,1188,0
2015-06-01,Israel,1087,0
2015-07-01,Israel,1266,0
2015-08-01,Israel,1323,0
2015-09-01,Israel,1356,0
2015-10-01,Israel,1456,0
2015-11-01,Israel,1421,0
2015-12-01,Israel,1196,0
2016-01-01,Israel,1707,0
2016-02-01,Israel,1655,0
2016-03-01,Israel,1582,0
2016-04-01,Israel,1270,0
2016-05-01,Israel,1371,0
2016-06-01,Israel,1007,0
2016-07-01,Israel,1446,0
2016-08-01,Israel,1556,0
2016-09-01,Israel,1639,0
2016-10-01,Israel,2232,0
2016-11-01,Israel,1729,0
2016-12-01,Israel,1441,0
2017-01-01,Israel,1630,0
2017-02-01,Israel,1799,0
2017-03-01,Israel,1633,0
2017-04-01,Israel,1698,0
2017-05-01,Israel,1627,0
2017-06-01,Israel,1171,0
2017-07-01,Israel,1807,0
2017-08-01,Israel,1610,0
2017-09-01,Israel,1528,0
2017-10-01,Israel,2051,0
2017-11-01,Israel,1566,0
2017-12-01,Israel,1571,0
2018-01-01,Israel,2118,0
2018-02-01,Israel,2138,0
2018-03-01,Israel,2115,0
2018-04-01,Israel,1775,0
2018-05-01,Israel,1288,0
2018-06-01,Israel,1426,0
2018-07-01,Israel,1756,0
2018-08-01,Israel,1931,0
2018-09-01,Israel,2379,0
2018-10-01,Israel,2073,0
2018-11-01,Israel,1704,0
2018-12-01,Israel,1682,0
2019-01-01,Israel,2374,0
2019-02-01,Israel,1896,0
2019-03-01,Israel,1945,0
2019-04-01,Israel,2071,0
2019-05-01,Israel,1523,0
2019-06-01,Israel,1502,0
2019-07-01,Israel,1866,0
2019-08-01,Israel,1937,0
2019-09-01,Israel,2160,0
2019-10-01,Israel,2982,0
2019-11-01,Israel,2009,0
2019-12-01,Israel,2032,0
2020-01-01,Israel,2958,0
2020-02-01,Israel,1377,1
2020-03-01,Israel,211,1
2020-04-01,Israel,0,1
2020-05-01,Israel,4,1
2020-06-01,Israel,4,1
2020-07-01,Israel,40,1
2020-08-01,Israel,16,1
2020-09-01,Israel,13,1
2020-10-01,Israel,27,1
2020-11-01,Israel,37,1
2020-12-01,Israel,49,1
2021-01-01,Israel,28,1
2021-02-01,Israel,11,1
2021-03-01,Israel,30,1
2021-04-01,Israel,62,1
2021-05-01,Israel,48,1
2021-06-01,Israel,30,1
2021-07-01,Israel,65,1
2021-08-01,Israel,60,1
2021-09-01,Israel,33,1
2021-10-01,Israel,107,1
2021-11-01,Israel,131,1
2021-12-01,Israel,99,1
2022-01-01,Israel,94,0
2022-02-01,Israel,298,0
2022-03-01,Israel,321,0
2022-04-01,Israel,703,0
2022-05-01,Israel,930,0
2022-06-01,Israel,753,0
2022-07-01,Israel,1145,0
2022-08-01,Israel,1199,0
2022-09-01,Israel,1990,0
2022-10-01,Israel,2186,0
2022-11-01,Israel,1403,0
2022-12-01,Israel,916,0
2023-01-01,Israel,1342,0
2023-02-01,Israel,1510,0
2023-03-01,Israel,1639,0
2023-04-01,Israel,1275,0
2023-05-01,Israel,1184,0
2023-06-01,Israel,1012,0
2023-07-01,Israel,1596,0
2023-08-01,Israel,1669,0
2023-09-01,Israel,1805,0
2023-10-01,Israel,1029,0
2023-11-01,Israel,592,0
2023-12-01,Israel,693,0
2024-01-01,Israel,1075,0
2024-02-01,Israel,1346,0
2024-03-01,Israel,1284,0
2024-04-01,Israel,1447,0
2024-05-01,Israel,1303,0
2024-06-01,Israel,1138,0
2024-07-01,Israel,1321,0
2024-08-01,Israel,1299,0
2024-09-01,Israel,1779,0
2024-10-01,Israel,2123,0
2024-11-01,Israel,1877,0
2024-12-01,Israel,1494,0
2025-01-01,Israel,2116,0
2025-02-01,Israel,2133,0
2025-03-01,Israel,2413,0
2025-04-01,Israel,2126,0
2025-05-01,Israel,1546,0
2025-06-01,Israel,792,0
2025-07-01,Israel,1784,0
2025-08-01,Israel,1942,0
2025-09-01,Israel,2267,0
2025-10-01,Israel,2855,0
2025-11-01,Israel,1942,0
2025-12-01,Israel,1909,0
2026-01-01,Israel,2476,0
2008-01-01,Italy,3719,0
2008-02-01,Italy,3226,0
2008-03-01,Italy,3420,0
2008-04-01,Italy,3556,0
2008-05-01,Italy,2638,0
2008-06-01,Italy,2450,0
2008-07-01,Italy,3971,0
2008-08-01,Italy,6556,0
2008-09-01,Italy,3397,0
2008-10-01,Italy,3077,0
2008-11-01,Italy,3367,0
2008-12-01,Italy,3658,0
2009-01-01,Italy,3564,0
2009-02-01,Italy,3154,0
2009-03-01,Italy,3979,0
2009-04-01,Italy,2861,0
2009-05-01,Italy,3069,0
2009-06-01,Italy,3038,0
2009-07-01,Italy,3623,0
2009-08-01,Italy,8871,0
2009-09-01,Italy,3727,0
2009-10-01,Italy,3695,0
2009-11-01,Italy,3436,0
2009-12-01,Italy,3753,0
2010-01-01,Italy,4619,0
2010-02-01,Italy,3821,0
2010-03-01,Italy,4014,0
2010-04-01,Italy,3527,0
2010-05-01,Italy,3406,0
2010-06-01,Italy,3201,0
2010-07-01,Italy,4084,0
2010-08-01,Italy,8781,0
2010-09-01,Italy,3734,0
2010-10-01,Italy,3328,0
2010-11-01,Italy,4394,0
2010-12-01,Italy,4177,0
2011-01-01,Italy,5048,0
2011-02-01,Italy,3518,0
2011-03-01,Italy,5155,0
2011-04-01,Italy,3583,0
2011-05-01,Italy,3499,0
2011-06-01,Italy,3099,0
2011-07-01,Italy,4151,0
2011-08-01,Italy,8242,0
2011-09-01,Italy,3867,0
2011-10-01,Italy,3767,0
2011-11-01,Italy,4718,0
2011-12-01,Italy,4873,0
2012-01-01,Italy,5443,0
2012-02-01,Italy,5314,0
2012-03-01,Italy,6122,0
2012-04-01,Italy,4848,0
2012-05-01,Italy,3639,0
2012-06-01,Italy,3668,0
2012-07-01,Italy,5403,0
2012-08-01,Italy,11397,0
2012-09-01,Italy,5174,0
2012-10-01,Italy,4265,0
2012-11-01,Italy,5298,0
2012-12-01,Italy,4986,0
2013-01-01,Italy,6262,0
2013-02-01,Italy,4309,0
2013-03-01,Italy,5463,0
2013-04-01,Italy,4011,0
2013-05-01,Italy,4407,0
2013-06-01,Italy,4185,0
2013-07-01,Italy,5303,0
2013-08-01,Italy,13117,0
2013-09-01,Italy,5029,0
2013-10-01,Italy,4550,0
2013-11-01,Italy,5140,0
2013-12-01,Italy,4874,0
2014-01-01,Italy,5429,0
2014-02-01,Italy,4944,0
2014-03-01,Italy,5940,0
2014-04-01,Italy,4684,0
2014-05-01,Italy,3712,0
2014-06-01,Italy,3674,0
2014-07-01,Italy,5153,0
2014-08-01,Italy,13280,0
2014-09-01,Italy,5164,0
2014-10-01,Italy,4389,0
2014-11-01,Italy,5559,0
2014-12-01,Italy,5124,0
2015-01-01,Italy,5470,0
2015-02-01,Italy,4192,0
2015-03-01,Italy,5311,0
2015-04-01,Italy,4870,0
2015-05-01,Italy,3923,0
2015-06-01,Italy,3915,0
2015-07-01,Italy,5402,0
2015-08-01,Italy,15817,0
2015-09-01,Italy,5291,0
2015-10-01,Italy,5042,0
2015-11-01,Italy,5317,0
2015-12-01,Italy,4800,0
2016-01-01,Italy,6186,0
2016-02-01,Italy,4883,0
2016-03-01,Italy,4825,0
2016-04-01,Italy,5783,0
2016-05-01,Italy,4300,0
2016-06-01,Italy,4272,0
2016-07-01,Italy,6093,0
2016-08-01,Italy,16139,0
2016-09-01,Italy,5731,0
2016-10-01,Italy,5336,0
2016-11-01,Italy,5425,0
2016-12-01,Italy,5656,0
2017-01-01,Italy,6231,0
2017-02-01,Italy,5320,0
2017-03-01,Italy,5470,0
2017-04-01,Italy,5450,0
2017-05-01,Italy,4337,0
2017-06-01,Italy,4048,0
2017-07-01,Italy,6984,0
2017-08-01,Italy,19114,0
2017-09-01,Italy,6568,0
2017-10-01,Italy,5280,0
2017-11-01,Italy,6425,0
2017-12-01,Italy,5201,0
2018-01-01,Italy,9760,0
2018-02-01,Italy,8919,0
2018-03-01,Italy,7967,0
2018-04-01,Italy,6599,0
2018-05-01,Italy,5299,0
2018-06-01,Italy,4997,0
2018-07-01,Italy,7779,0
2018-08-01,Italy,22950,0
2018-09-01,Italy,7349,0
2018-10-01,Italy,5777,0
2018-11-01,Italy,5973,0
2018-12-01,Italy,8637,0
2019-01-01,Italy,10910,0
2019-02-01,Italy,10085,0
2019-03-01,Italy,7201,0
2019-04-01,Italy,6381,0
2019-05-01,Italy,4775,0
2019-06-01,Italy,4404,0
2019-07-01,Italy,7418,0
2019-08-01,Italy,21699,0
2019-09-01,Italy,6993,0
2019-10-01,Italy,5655,0
2019-11-01,Italy,6074,0
2019-12-01,Italy,11129,0
2020-01-01,Italy,10661,0
2020-02-01,Italy,7492,1
2020-03-01,Italy,1238,1
2020-04-01,Italy,1,1
2020-05-01,Italy,2,1
2020-06-01,Italy,8,1
2020-07-01,Italy,45,1
2020-08-01,Italy,36,1
2020-09-01,Italy,39,1
2020-10-01,Italy,66,1
2020-11-01,Italy,37,1
2020-12-01,Italy,60,1
2021-01-01,Italy,193,1
2021-02-01,Italy,70,1
2021-03-01,Italy,73,1
2021-04-01,Italy,58,1
2021-05-01,Italy,16,1
2021-06-01,Italy,8,1
2021-07-01,Italy,33,1
2021-08-01,Italy,54,1
2021-09-01,Italy,69,1
2021-10-01,Italy,98,1
2021-11-01,Italy,239,1
2021-12-01,Italy,319,1
2022-01-01,Italy,212,0
2022-02-01,Italy,346,0
2022-03-01,Italy,450,0
2022-04-01,Italy,933,0
2022-05-01,Italy,1372,0
2022-06-01,Italy,1656,0
2022-07-01,Italy,3366,0
2022-08-01,Italy,9544,0
2022-09-01,Italy,4994,0
2022-10-01,Italy,3697,0
2022-11-01,Italy,3775,0
2022-12-01,Italy,2777,0
2023-01-01,Italy,4082,0
2023-02-01,Italy,4861,0
2023-03-01,Italy,4643,0
2023-04-01,Italy,4220,0
2023-05-01,Italy,4092,0
2023-06-01,Italy,3426,0
2023-07-01,Italy,6965,0
2023-08-01,Italy,20896,0
2023-09-01,Italy,6547,0
2023-10-01,Italy,4058,0
2023-11-01,Italy,4119,0
2023-12-01,Italy,4237,0
2024-01-01,Italy,5573,0
2024-02-01,Italy,5038,0
2024-03-01,Italy,4868,0
2024-04-01,Italy,5149,0
2024-05-01,Italy,4473,0
2024-06-01,Italy,4907,0
2024-07-01,Italy,7825,0
2024-08-01,Italy,29522,0
2024-09-01,Italy,8001,0
2024-10-01,Italy,5864,0
2024-11-01,Italy,5112,0
2024-12-01,Italy,4828,0
2025-01-01,Italy,6086,0
2025-02-01,Italy,5709,0
2025-03-01,Italy,5354,0
2025-04-01,Italy,6480,0
2025-05-01,Italy,5479,0
2025-06-01,Italy,4901,0
2025-07-01,Italy,9366,0
2025-08-01,Italy,30649,0
2025-09-01,Italy,8367,0
2025-10-01,Italy,5595,0
2025-11-01,Italy,5802,0
2025-12-01,Italy,6078,0
2026-01-01,Italy,7470,0
2008-01-01,Japan,52973,0
2008-02-01,Japan,47449,0
2008-03-01,Japan,57364,0
2008-04-01,Japan,36301,0
2008-05-01,Japan,42382,0
2008-06-01,Japan,40879,0
2008-07-01,Japan,47659,0
2008-08-01,Japan,53699,0
2008-09-01,Japan,48771,0
2008-10-01,Japan,47736,0
2008-11-01,Japan,48225,0
2008-12-01,Japan,47602,0
2009-01-01,Japan,38382,0
2009-02-01,Japan,42807,0
2009-03-01,Japan,46797,0
2009-04-01,Japan,31633,0
2009-05-01,Japan,29800,0
2009-06-01,Japan,28060,0
2009-07-01,Japan,46633,0
2009-08-01,Japan,50698,0
2009-09-01,Japan,52561,0
2009-10-01,Japan,43247,0
2009-11-01,Japan,38949,0
2009-12-01,Japan,40420,0
2010-01-01,Japan,37747,0
2010-02-01,Japan,40669,0
2010-03-01,Japan,51836,0
2010-04-01,Japan,35179,0
2010-05-01,Japan,36827,0
2010-06-01,Japan,36469,0
2010-07-01,Japan,44649,0
2010-08-01,Japan,56680,0
2010-09-01,Japan,45012,0
2010-10-01,Japan,43497,0
2010-11-01,Japan,51542,0
2010-12-01,Japan,48844,0
2011-01-01,Japan,48799,0
2011-02-01,Japan,58190,0
2011-03-01,Japan,59999,0
2011-04-01,Japan,38311,0
2011-05-01,Japan,41594,0
2011-06-01,Japan,38061,0
2011-07-01,Japan,55479,0
2011-08-01,Japan,72034,0
2011-09-01,Japan,62395,0
2011-10-01,Japan,57677,0
2011-11-01,Japan,61293,0
2011-12-01,Japan,62585,0
2012-01-01,Japan,50672,0
2012-02-01,Japan,67306,0
2012-03-01,Japan,74995,0
2012-04-01,Japan,49203,0
2012-05-01,Japan,50006,0
2012-06-01,Japan,52387,0
2012-07-01,Japan,61139,0
2012-08-01,Japan,82747,0
2012-09-01,Japan,65991,0
2012-10-01,Japan,62436,0
2012-11-01,Japan,70696,0
2012-12-01,Japan,69538,0
2013-01-01,Japan,62857,0
2013-02-01,Japan,68442,0
2013-03-01,Japan,87359,0
2013-04-01,Japan,53292,0
2013-05-01,Japan,55491,0
2013-06-01,Japan,57757,0
2013-07-01,Japan,70113,0
2013-08-01,Japan,92179,0
2013-09-01,Japan,73786,0
2013-10-01,Japan,68034,0
2013-11-01,Japan,72603,0
2013-12-01,Japan,70932,0
2014-01-01,Japan,59578,0
2014-02-01,Japan,69230,0
2014-03-01,Japan,85946,0
2014-04-01,Japan,50751,0
2014-05-01,Japan,54173,0
2014-06-01,Japan,56044,0
2014-07-01,Japan,69419,0
2014-08-01,Japan,95248,0
2014-09-01,Japan,74408,0
2014-10-01,Japan,68609,0
2014-11-01,Japan,69415,0
2014-12-01,Japan,71920,0
2015-01-01,Japan,58479,0
2015-02-01,Japan,62422,0
2015-03-01,Japan,79941,0
2015-04-01,Japan,46687,0
2015-05-01,Japan,52971,0
2015-06-01,Japan,53257,0
2015-07-01,Japan,67682,0
2015-08-01,Japan,92793,0
2015-09-01,Japan,73972,0
2015-10-01,Japan,66416,0
2015-11-01,Japan,67840,0
2015-12-01,Japan,66719,0
2016-01-01,Japan,62275,0
2016-02-01,Japan,65604,0
2016-03-01,Japan,79146,0
2016-04-01,Japan,49613,0
2016-05-01,Japan,55006,0
2016-06-01,Japan,54993,0
2016-07-01,Japan,64715,0
2016-08-01,Japan,93619,0
2016-09-01,Japan,68997,0
2016-10-01,Japan,62858,0
2016-11-01,Japan,64466,0
2016-12-01,Japan,62570,0
2017-01-01,Japan,53377,0
2017-02-01,Japan,72654,0
2017-03-01,Japan,82293,0
2017-04-01,Japan,46245,0
2017-05-01,Japan,54012,0
2017-06-01,Japan,52932,0
2017-07-01,Japan,63193,0
2017-08-01,Japan,94900,0
2017-09-01,Japan,69742,0
2017-10-01,Japan,64624,0
2017-11-01,Japan,75348,0
2017-12-01,Japan,63553,0
2018-01-01,Japan,64087,0
2018-02-01,Japan,68191,0
2018-03-01,Japan,83064,0
2018-04-01,Japan,50253,0
2018-05-01,Japan,53474,0
2018-06-01,Japan,53413,0
2018-07-01,Japan,68146,0
2018-08-01,Japan,100491,0
2018-09-01,Japan,77013,0
2018-10-01,Japan,74019,0
2018-11-01,Japan,73787,0
2018-12-01,Japan,63738,0
2019-01-01,Japan,66402,0
2019-02-01,Japan,69885,0
2019-03-01,Japan,84048,0
2019-04-01,Japan,65212,0
2019-05-01,Japan,59138,0
2019-06-01,Japan,56709,0
2019-07-01,Japan,71410,0
2019-08-01,Japan,108104,0
2019-09-01,Japan,80823,0
2019-10-01,Japan,80106,0
2019-11-01,Japan,72765,0
2019-12-01,Japan,69706,0
2020-01-01,Japan,57234,0
2020-02-01,Japan,53425,1
2020-03-01,Japan,11611,1
2020-04-01,Japan,25,1
2020-05-01,Japan,30,1
2020-06-01,Japan,137,1
2020-07-01,Japan,565,1
2020-08-01,Japan,511,1
2020-09-01,Japan,353,1
2020-10-01,Japan,513,1
2020-11-01,Japan,763,1
2020-12-01,Japan,712,1
2021-01-01,Japan,555,1
2021-02-01,Japan,358,1
2021-03-01,Japan,601,1
2021-04-01,Japan,797,1
2021-05-01,Japan,281,1
2021-06-01,Japan,121,1
2021-07-01,Japan,297,1
2021-08-01,Japan,341,1
2021-09-01,Japan,780,1
2021-10-01,Japan,779,1
2021-11-01,Japan,430,1
2021-12-01,Japan,580,1
2022-01-01,Japan,552,0
2022-02-01,Japan,534,0
2022-03-01,Japan,869,0
2022-04-01,Japan,4343,0
2022-05-01,Japan,6321,0
2022-06-01,Japan,8386,0
2022-07-01,Japan,12266,0
2022-08-01,Japan,19153,0
2022-09-01,Japan,19317,0
2022-10-01,Japan,17459,0
2022-11-01,Japan,22698,0
2022-12-01,Japan,20209,0
2023-01-01,Japan,18335,0
2023-02-01,Japan,32932,0
2023-03-01,Japan,36302,0
2023-04-01,Japan,22134,0
2023-05-01,Japan,29130,0
2023-06-01,Japan,25370,0
2023-07-01,Japan,42730,0
2023-08-01,Japan,68304,0
2023-09-01,Japan,45989,0
2023-10-01,Japan,38073,0
2023-11-01,Japan,41412,0
2023-12-01,Japan,32124,0
2024-01-01,Japan,37684,0
2024-02-01,Japan,45284,0
2024-03-01,Japan,54884,0
2024-04-01,Japan,32434,0
2024-05-01,Japan,39077,0
2024-06-01,Japan,33936,0
2024-07-01,Japan,51162,0
2024-08-01,Japan,81803,0
2024-09-01,Japan,57825,0
2024-10-01,Japan,51819,0
2024-11-01,Japan,44327,0
2024-12-01,Japan,43001,0
2025-01-01,Japan,40053,0
2025-02-01,Japan,55785,0
2025-03-01,Japan,65548,0
2025-04-01,Japan,31817,0
2025-05-01,Japan,40441,0
2025-06-01,Japan,35118,0
2025-07-01,Japan,56097,0
2025-08-01,Japan,92867,0
2025-09-01,Japan,59315,0
2025-10-01,Japan,54862,0
2025-11-01,Japan,53018,0
2025-12-01,Japan,42592,0
2026-01-01,Japan,43090,0
2008-01-01,Kuwait,308,0
2008-02-01,Kuwait,310,0
2008-03-01,Kuwait,250,0
2008-04-01,Kuwait,220,0
2008-05-01,Kuwait,157,0
2008-06-01,Kuwait,404,0
2008-07-01,Kuwait,1022,0
2008-08-01,Kuwait,1094,0
2008-09-01,Kuwait,137,0
2008-10-01,Kuwait,265,0
2008-11-01,Kuwait,221,0
2008-12-01,Kuwait,450,0
2009-01-01,Kuwait,201,0
2009-02-01,Kuwait,228,0
2009-03-01,Kuwait,188,0
2009-04-01,Kuwait,197,0
2009-05-01,Kuwait,276,0
2009-06-01,Kuwait,572,0
2009-07-01,Kuwait,1843,0
2009-08-01,Kuwait,821,0
2009-09-01,Kuwait,345,0
2009-10-01,Kuwait,254,0
2009-11-01,Kuwait,413,0
2009-12-01,Kuwait,412,0
2010-01-01,Kuwait,443,0
2010-02-01,Kuwait,587,0
2010-03-01,Kuwait,468,0
2010-04-01,Kuwait,305,0
2010-05-01,Kuwait,451,0
2010-06-01,Kuwait,806,0
2010-07-01,Kuwait,2548,0
2010-08-01,Kuwait,719,0
2010-09-01,Kuwait,535,0
2010-10-01,Kuwait,380,0
2010-11-01,Kuwait,723,0
2010-12-01,Kuwait,403,0
2011-01-01,Kuwait,455,0
2011-02-01,Kuwait,631,0
2011-03-01,Kuwait,392,0
2011-04-01,Kuwait,342,0
2011-05-01,Kuwait,378,0
2011-06-01,Kuwait,862,0
2011-07-01,Kuwait,2404,0
2011-08-01,Kuwait,580,0
2011-09-01,Kuwait,710,0
2011-10-01,Kuwait,361,0
2011-11-01,Kuwait,668,0
2011-12-01,Kuwait,495,0
2012-01-01,Kuwait,483,0
2012-02-01,Kuwait,655,0
2012-03-01,Kuwait,340,0
2012-04-01,Kuwait,389,0
2012-05-01,Kuwait,318,0
2012-06-01,Kuwait,979,0
2012-07-01,Kuwait,965,0
2012-08-01,Kuwait,1231,0
2012-09-01,Kuwait,597,0
2012-10-01,Kuwait,550,0
2012-11-01,Kuwait,416,0
2012-12-01,Kuwait,698,0
2013-01-01,Kuwait,456,0
2013-02-01,Kuwait,1302,0
2013-03-01,Kuwait,550,0
2013-04-01,Kuwait,479,0
2013-05-01,Kuwait,320,0
2013-06-01,Kuwait,857,0
2013-07-01,Kuwait,475,0
2013-08-01,Kuwait,2943,0
2013-09-01,Kuwait,850,0
2013-10-01,Kuwait,1108,0
2013-11-01,Kuwait,371,0
2013-12-01,Kuwait,902,0
2014-01-01,Kuwait,766,0
2014-02-01,Kuwait,1471,0
2014-03-01,Kuwait,587,0
2014-04-01,Kuwait,448,0
2014-05-01,Kuwait,390,0
2014-06-01,Kuwait,769,0
2014-07-01,Kuwait,1208,0
2014-08-01,Kuwait,2784,0
2014-09-01,Kuwait,532,0
2014-10-01,Kuwait,896,0
2014-11-01,Kuwait,404,0
2014-12-01,Kuwait,781,0
2015-01-01,Kuwait,1420,0
2015-02-01,Kuwait,519,0
2015-03-01,Kuwait,546,0
2015-04-01,Kuwait,476,0
2015-05-01,Kuwait,463,0
2015-06-01,Kuwait,538,0
2015-07-01,Kuwait,1631,0
2015-08-01,Kuwait,2395,0
2015-09-01,Kuwait,1024,0
2015-10-01,Kuwait,550,0
2015-11-01,Kuwait,327,0
2015-12-01,Kuwait,878,0
2016-01-01,Kuwait,1682,0
2016-02-01,Kuwait,470,0
2016-03-01,Kuwait,674,0
2016-04-01,Kuwait,404,0
2016-05-01,Kuwait,549,0
2016-06-01,Kuwait,259,0
2016-07-01,Kuwait,1946,0
2016-08-01,Kuwait,2224,0
2016-09-01,Kuwait,1399,0
2016-10-01,Kuwait,372,0
2016-11-01,Kuwait,365,0
2016-12-01,Kuwait,779,0
2017-01-01,Kuwait,1154,0
2017-02-01,Kuwait,508,0
2017-03-01,Kuwait,703,0
2017-04-01,Kuwait,436,0
2017-05-01,Kuwait,314,0
2017-06-01,Kuwait,576,0
2017-07-01,Kuwait,1604,0
2017-08-01,Kuwait,2124,0
2017-09-01,Kuwait,555,0
2017-10-01,Kuwait,343,0
2017-11-01,Kuwait,422,0
2017-12-01,Kuwait,726,0
2018-01-01,Kuwait,1173,0
2018-02-01,Kuwait,566,0
2018-03-01,Kuwait,624,0
2018-04-01,Kuwait,511,0
2018-05-01,Kuwait,280,0
2018-06-01,Kuwait,751,0
2018-07-01,Kuwait,1634,0
2018-08-01,Kuwait,2347,0
2018-09-01,Kuwait,385,0
2018-10-01,Kuwait,370,0
2018-11-01,Kuwait,375,0
2018-12-01,Kuwait,778,0
2019-01-01,Kuwait,1174,0
2019-02-01,Kuwait,662,0
2019-03-01,Kuwait,522,0
2019-04-01,Kuwait,514,0
2019-05-01,Kuwait,130,0
2019-06-01,Kuwait,932,0
2019-07-01,Kuwait,1663,0
2019-08-01,Kuwait,2110,0
2019-09-01,Kuwait,382,0
2019-10-01,Kuwait,357,0
2019-11-01,Kuwait,450,0
2019-12-01,Kuwait,729,0
2020-01-01,Kuwait,1127,0
2020-02-01,Kuwait,125,1
2020-03-01,Kuwait,16,1
2020-04-01,Kuwait,0,1
2020-05-01,Kuwait,0,1
2020-06-01,Kuwait,0,1
2020-07-01,Kuwait,0,1
2020-08-01,Kuwait,6,1
2020-09-01,Kuwait,3,1
2020-10-01,Kuwait,0,1
2020-11-01,Kuwait,0,1
2020-12-01,Kuwait,1,1
2021-01-01,Kuwait,0,1
2021-02-01,Kuwait,5,1
2021-03-01,Kuwait,0,1
2021-04-01,Kuwait,0,1
2021-05-01,Kuwait,0,1
2021-06-01,Kuwait,0,1
2021-07-01,Kuwait,0,1
2021-08-01,Kuwait,7,1
2021-09-01,Kuwait,5,1
2021-10-01,Kuwait,4,1
2021-11-01,Kuwait,16,1
2021-12-01,Kuwait,1,1
2022-01-01,Kuwait,2,0
2022-02-01,Kuwait,4,0
2022-03-01,Kuwait,4,0
2022-04-01,Kuwait,52,0
2022-05-01,Kuwait,115,0
2022-06-01,Kuwait,281,0
2022-07-01,Kuwait,747,0
2022-08-01,Kuwait,1053,0
2022-09-01,Kuwait,468,0
2022-10-01,Kuwait,222,0
2022-11-01,Kuwait,229,0
2022-12-01,Kuwait,476,0
2023-01-01,Kuwait,672,0
2023-02-01,Kuwait,359,0
2023-03-01,Kuwait,205,0
2023-04-01,Kuwait,308,0
2023-05-01,Kuwait,305,0
2023-06-01,Kuwait,967,0
2023-07-01,Kuwait,1511,0
2023-08-01,Kuwait,2157,0
2023-09-01,Kuwait,521,0
2023-10-01,Kuwait,473,0
2023-11-01,Kuwait,269,0
2023-12-01,Kuwait,512,0
2024-01-01,Kuwait,955,0
2024-02-01,Kuwait,510,0
2024-03-01,Kuwait,176,0
2024-04-01,Kuwait,313,0
2024-05-01,Kuwait,217,0
2024-06-01,Kuwait,1007,0
2024-07-01,Kuwait,1242,0
2024-08-01,Kuwait,1957,0
2024-09-01,Kuwait,598,0
2024-10-01,Kuwait,352,0
2024-11-01,Kuwait,352,0
2024-12-01,Kuwait,530,0
2025-01-01,Kuwait,754,0
2025-02-01,Kuwait,496,0
2025-03-01,Kuwait,243,0
2025-04-01,Kuwait,324,0
2025-05-01,Kuwait,370,0
2025-06-01,Kuwait,956,0
2025-07-01,Kuwait,1234,0
2025-08-01,Kuwait,1946,0
2025-09-01,Kuwait,513,0
2025-10-01,Kuwait,293,0
2025-11-01,Kuwait,347,0
2025-12-01,Kuwait,448,0
2026-01-01,Kuwait,585,0
2008-01-01,Malaysia,45984,0
2008-02-01,Malaysia,50318,0
2008-03-01,Malaysia,56359,0
2008-04-01,Malaysia,53749,0
2008-05-01,Malaysia,52115,0
2008-06-01,Malaysia,53217,0
2008-07-01,Malaysia,46968,0
2008-08-01,Malaysia,44118,0
2008-09-01,Malaysia,44892,0
2008-10-01,Malaysia,54973,0
2008-11-01,Malaysia,60463,0
2008-12-01,Malaysia,84324,0
2009-01-01,Malaysia,44243,0
2009-02-01,Malaysia,45726,0
2009-03-01,Malaysia,59660,0
2009-04-01,Malaysia,51299,0
2009-05-01,Malaysia,54995,0
2009-06-01,Malaysia,61465,0
2009-07-01,Malaysia,54087,0
2009-08-01,Malaysia,61893,0
2009-09-01,Malaysia,68008,0
2009-10-01,Malaysia,69426,0
2009-11-01,Malaysia,82747,0
2009-12-01,Malaysia,110760,0
2010-01-01,Malaysia,67942,0
2010-02-01,Malaysia,68678,0
2010-03-01,Malaysia,81757,0
2010-04-01,Malaysia,77476,0
2010-05-01,Malaysia,81937,0
2010-06-01,Malaysia,93089,0
2010-07-01,Malaysia,82611,0
2010-08-01,Malaysia,75916,0
2010-09-01,Malaysia,95484,0
2010-10-01,Malaysia,82803,0
2010-11-01,Malaysia,99975,0
2010-12-01,Malaysia,129821,0
2011-01-01,Malaysia,78342,0
2011-02-01,Malaysia,81747,0
2011-03-01,Malaysia,96418,0
2011-04-01,Malaysia,87230,0
2011-05-01,Malaysia,90528,0
2011-06-01,Malaysia,97856,0
2011-07-01,Malaysia,90175,0
2011-08-01,Malaysia,91344,0
2011-09-01,Malaysia,103060,0
2011-10-01,Malaysia,88770,0
2011-11-01,Malaysia,104972,0
2011-12-01,Malaysia,130493,0
2012-01-01,Malaysia,88970,0
2012-02-01,Malaysia,88451,0
2012-03-01,Malaysia,108054,0
2012-04-01,Malaysia,96892,0
2012-05-01,Malaysia,99568,0
2012-06-01,Malaysia,107356,0
2012-07-01,Malaysia,90449,0
2012-08-01,Malaysia,107841,0
2012-09-01,Malaysia,90484,0
2012-10-01,Malaysia,93945,0
2012-11-01,Malaysia,124008,0
2012-12-01,Malaysia,135669,0
2013-01-01,Malaysia,89300,0
2013-02-01,Malaysia,91895,0
2013-03-01,Malaysia,108683,0
2013-04-01,Malaysia,95414,0
2013-05-01,Malaysia,109517,0
2013-06-01,Malaysia,107286,0
2013-07-01,Malaysia,93299,0
2013-08-01,Malaysia,116392,0
2013-09-01,Malaysia,98973,0
2013-10-01,Malaysia,98097,0
2013-11-01,Malaysia,129955,0
2013-12-01,Malaysia,142131,0
2014-01-01,Malaysia,89482,0
2014-02-01,Malaysia,91181,0
2014-03-01,Malaysia,107002,0
2014-04-01,Malaysia,94982,0
2014-05-01,Malaysia,100648,0
2014-06-01,Malaysia,108945,0
2014-07-01,Malaysia,101461,0
2014-08-01,Malaysia,93222,0
2014-09-01,Malaysia,99339,0
2014-10-01,Malaysia,97184,0
2014-11-01,Malaysia,106313,0
2014-12-01,Malaysia,143276,0
2015-01-01,Malaysia,86193,0
2015-02-01,Malaysia,82408,0
2015-03-01,Malaysia,101929,0
2015-04-01,Malaysia,90515,0
2015-05-01,Malaysia,100340,0
2015-06-01,Malaysia,100074,0
2015-07-01,Malaysia,102347,0
2015-08-01,Malaysia,88834,0
2015-09-01,Malaysia,93334,0
2015-10-01,Malaysia,88338,0
2015-11-01,Malaysia,106214,0
2015-12-01,Malaysia,130551,0
2016-01-01,Malaysia,87208,0
2016-02-01,Malaysia,85850,0
2016-03-01,Malaysia,98135,0
2016-04-01,Malaysia,97070,0
2016-05-01,Malaysia,92668,0
2016-06-01,Malaysia,91901,0
2016-07-01,Malaysia,100397,0
2016-08-01,Malaysia,81655,0
2016-09-01,Malaysia,93519,0
2016-10-01,Malaysia,92736,0
2016-11-01,Malaysia,101549,0
2016-12-01,Malaysia,128897,0
2017-01-01,Malaysia,84504,0
2017-02-01,Malaysia,85058,0
2017-03-01,Malaysia,105372,0
2017-04-01,Malaysia,94550,0
2017-05-01,Malaysia,90335,0
2017-06-01,Malaysia,102776,0
2017-07-01,Malaysia,87138,0
2017-08-01,Malaysia,91135,0
2017-09-01,Malaysia,90837,0
2017-10-01,Malaysia,96015,0
2017-11-01,Malaysia,105404,0
2017-12-01,Malaysia,135260,0
2018-01-01,Malaysia,86833,0
2018-02-01,Malaysia,85212,0
2018-03-01,Malaysia,109897,0
2018-04-01,Malaysia,98351,0
2018-05-01,Malaysia,91244,0
2018-06-01,Malaysia,113049,0
2018-07-01,Malaysia,94611,0
2018-08-01,Malaysia,103490,0
2018-09-01,Malaysia,106880,0
2018-10-01,Malaysia,103676,0
2018-11-01,Malaysia,117793,0
2018-12-01,Malaysia,142986,0
2019-01-01,Malaysia,88293,0
2019-02-01,Malaysia,88706,0
2019-03-01,Malaysia,106200,0
2019-04-01,Malaysia,95076,0
2019-05-01,Malaysia,106518,0
2019-06-01,Malaysia,102074,0
2019-07-01,Malaysia,93071,0
2019-08-01,Malaysia,100225,0
2019-09-01,Malaysia,98438,0
2019-10-01,Malaysia,97378,0
2019-11-01,Malaysia,111473,0
2019-12-01,Malaysia,133278,0
2020-01-01,Malaysia,90720,0
2020-02-01,Malaysia,40829,1
2020-03-01,Malaysia,14887,1
2020-04-01,Malaysia,96,1
2020-05-01,Malaysia,157,1
2020-06-01,Malaysia,464,1
2020-07-01,Malaysia,626,1
2020-08-01,Malaysia,718,1
2020-09-01,Malaysia,1063,1
2020-10-01,Malaysia,1415,1
2020-11-01,Malaysia,1270,1
2020-12-01,Malaysia,1405,1
2021-01-01,Malaysia,1255,1
2021-02-01,Malaysia,1130,1
2021-03-01,Malaysia,1530,1
2021-04-01,Malaysia,1442,1
2021-05-01,Malaysia,844,1
2021-06-01,Malaysia,402,1
2021-07-01,Malaysia,554,1
2021-08-01,Malaysia,683,1
2021-09-01,Malaysia,797,1
2021-10-01,Malaysia,2104,1
2021-11-01,Malaysia,2537,1
2021-12-01,Malaysia,10939,1
2022-01-01,Malaysia,5203,0
2022-02-01,Malaysia,4468,0
2022-03-01,Malaysia,10610,0
2022-04-01,Malaysia,25319,0
2022-05-01,Malaysia,43214,0
2022-06-01,Malaysia,49878,0
2022-07-01,Malaysia,61575,0
2022-08-01,Malaysia,63905,0
2022-09-01,Malaysia,81914,0
2022-10-01,Malaysia,77092,0
2022-11-01,Malaysia,72305,0
2022-12-01,Malaysia,95475,0
2023-01-01,Malaysia,72756,0
2023-02-01,Malaysia,88040,0
2023-03-01,Malaysia,97835,0
2023-04-01,Malaysia,98190,0
2023-05-01,Malaysia,98347,0
2023-06-01,Malaysia,85945,0
2023-07-01,Malaysia,84876,0
2023-08-01,Malaysia,88044,0
2023-09-01,Malaysia,89384,0
2023-10-01,Malaysia,88643,0
2023-11-01,Malaysia,93414,0
2023-12-01,Malaysia,102683,0
2024-01-01,Malaysia,93381,0
2024-02-01,Malaysia,100051,0
2024-03-01,Malaysia,120242,0
2024-04-01,Malaysia,106186,0
2024-05-01,Malaysia,95621,0
2024-06-01,Malaysia,83558,0
2024-07-01,Malaysia,83068,0
2024-08-01,Malaysia,79895,0
2024-09-01,Malaysia,112151,0
2024-10-01,Malaysia,103432,0
2024-11-01,Malaysia,101920,0
2024-12-01,Malaysia,105622,0
2025-01-01,Malaysia,102328,0
2025-02-01,Malaysia,105762,0
2025-03-01,Malaysia,104150,0
2025-04-01,Malaysia,109253,0
2025-05-01,Malaysia,111673,0
2025-06-01,Malaysia,100986,0
2025-07-01,Malaysia,88384,0
2025-08-01,Malaysia,88675,0
2025-09-01,Malaysia,120634,0
2025-10-01,Malaysia,110303,0
2025-11-01,Malaysia,117163,0
2025-12-01,Malaysia,116067,0
2026-01-01,Malaysia,116682,0
2008-01-01,Mauritius,1015,0
2008-02-01,Mauritius,745,0
2008-03-01,Mauritius,736,0
2008-04-01,Mauritius,1216,0
2008-05-01,Mauritius,662,0
2008-06-01,Mauritius,846,0
2008-07-01,Mauritius,1062,0
2008-08-01,Mauritius,1010,0
2008-09-01,Mauritius,510,0
2008-10-01,Mauritius,769,0
2008-11-01,Mauritius,1177,0
2008-12-01,Mauritius,1682,0
2009-01-01,Mauritius,894,0
2009-02-01,Mauritius,553,0
2009-03-01,Mauritius,777,0
2009-04-01,Mauritius,945,0
2009-05-01,Mauritius,605,0
2009-06-01,Mauritius,920,0
2009-07-01,Mauritius,967,0
2009-08-01,Mauritius,1058,0
2009-09-01,Mauritius,612,0
2009-10-01,Mauritius,997,0
2009-11-01,Mauritius,1284,0
2009-12-01,Mauritius,1806,0
2010-01-01,Mauritius,1174,0
2010-02-01,Mauritius,944,0
2010-03-01,Mauritius,938,0
2010-04-01,Mauritius,977,0
2010-05-01,Mauritius,640,0
2010-06-01,Mauritius,654,0
2010-07-01,Mauritius,1163,0
2010-08-01,Mauritius,932,0
2010-09-01,Mauritius,651,0
2010-10-01,Mauritius,682,0
2010-11-01,Mauritius,1236,0
2010-12-01,Mauritius,1626,0
2011-01-01,Mauritius,1017,0
2011-02-01,Mauritius,571,0
2011-03-01,Mauritius,669,0
2011-04-01,Mauritius,993,0
2011-05-01,Mauritius,604,0
2011-06-01,Mauritius,627,0
2011-07-01,Mauritius,953,0
2011-08-01,Mauritius,841,0
2011-09-01,Mauritius,585,0
2011-10-01,Mauritius,750,0
2011-11-01,Mauritius,1080,0
2011-12-01,Mauritius,1837,0
2012-01-01,Mauritius,821,0
2012-02-01,Mauritius,729,0
2012-03-01,Mauritius,813,0
2012-04-01,Mauritius,1220,0
2012-05-01,Mauritius,534,0
2012-06-01,Mauritius,681,0
2012-07-01,Mauritius,615,0
2012-08-01,Mauritius,932,0
2012-09-01,Mauritius,571,0
2012-10-01,Mauritius,512,0
2012-11-01,Mauritius,1158,0
2012-12-01,Mauritius,1271,0
2013-01-01,Mauritius,909,0
2013-02-01,Mauritius,459,0
2013-03-01,Mauritius,572,0
2013-04-01,Mauritius,738,0
2013-05-01,Mauritius,500,0
2013-06-01,Mauritius,582,0
2013-07-01,Mauritius,693,0
2013-08-01,Mauritius,624,0
2013-09-01,Mauritius,428,0
2013-10-01,Mauritius,559,0
2013-11-01,Mauritius,1150,0
2013-12-01,Mauritius,1332,0
2014-01-01,Mauritius,646,0
2014-02-01,Mauritius,481,0
2014-03-01,Mauritius,478,0
2014-04-01,Mauritius,748,0
2014-05-01,Mauritius,390,0
2014-06-01,Mauritius,525,0
2014-07-01,Mauritius,708,0
2014-08-01,Mauritius,655,0
2014-09-01,Mauritius,475,0
2014-10-01,Mauritius,475,0
2014-11-01,Mauritius,1024,0
2014-12-01,Mauritius,1420,0
2015-01-01,Mauritius,828,0
2015-02-01,Mauritius,557,0
2015-03-01,Mauritius,567,0
2015-04-01,Mauritius,858,0
2015-05-01,Mauritius,513,0
2015-06-01,Mauritius,600,0
2015-07-01,Mauritius,601,0
2015-08-01,Mauritius,694,0
2015-09-01,Mauritius,411,0
2015-10-01,Mauritius,474,0
2015-11-01,Mauritius,1087,0
2015-12-01,Mauritius,1549,0
2016-01-01,Mauritius,841,0
2016-02-01,Mauritius,425,0
2016-03-01,Mauritius,892,0
2016-04-01,Mauritius,1196,0
2016-05-01,Mauritius,621,0
2016-06-01,Mauritius,579,0
2016-07-01,Mauritius,823,0
2016-08-01,Mauritius,882,0
2016-09-01,Mauritius,688,0
2016-10-01,Mauritius,1013,0
2016-11-01,Mauritius,2478,0
2016-12-01,Mauritius,2394,0
2017-01-01,Mauritius,1142,0
2017-02-01,Mauritius,908,0
2017-03-01,Mauritius,864,0
2017-04-01,Mauritius,1221,0
2017-05-01,Mauritius,619,0
2017-06-01,Mauritius,539,0
2017-07-01,Mauritius,1205,0
2017-08-01,Mauritius,998,0
2017-09-01,Mauritius,639,0
2017-10-01,Mauritius,765,0
2017-11-01,Mauritius,2328,0
2017-12-01,Mauritius,2174,0
2018-01-01,Mauritius,1041,0
2018-02-01,Mauritius,1006,0
2018-03-01,Mauritius,749,0
2018-04-01,Mauritius,1337,0
2018-05-01,Mauritius,721,0
2018-06-01,Mauritius,659,0
2018-07-01,Mauritius,1240,0
2018-08-01,Mauritius,956,0
2018-09-01,Mauritius,746,0
2018-10-01,Mauritius,915,0
2018-11-01,Mauritius,1894,0
2018-12-01,Mauritius,2835,0
2019-01-01,Mauritius,973,0
2019-02-01,Mauritius,842,0
2019-03-01,Mauritius,846,0
2019-04-01,Mauritius,1192,0
2019-05-01,Mauritius,590,0
2019-06-01,Mauritius,802,0
2019-07-01,Mauritius,1180,0
2019-08-01,Mauritius,943,0
2019-09-01,Mauritius,625,0
2019-10-01,Mauritius,773,0
2019-11-01,Mauritius,1410,0
2019-12-01,Mauritius,2920,0
2020-01-01,Mauritius,1185,0
2020-02-01,Mauritius,228,1
2020-03-01,Mauritius,62,1
2020-04-01,Mauritius,0,1
2020-05-01,Mauritius,1,1
2020-06-01,Mauritius,0,1
2020-07-01,Mauritius,0,1
2020-08-01,Mauritius,0,1
2020-09-01,Mauritius,0,1
2020-10-01,Mauritius,4,1
2020-11-01,Mauritius,5,1
2020-12-01,Mauritius,2,1
2021-01-01,Mauritius,4,1
2021-02-01,Mauritius,1,1
2021-03-01,Mauritius,3,1
2021-04-01,Mauritius,3,1
2021-05-01,Mauritius,4,1
2021-06-01,Mauritius,0,1
2021-07-01,Mauritius,0,1
2021-08-01,Mauritius,5,1
2021-09-01,Mauritius,1,1
2021-10-01,Mauritius,3,1
2021-11-01,Mauritius,2,1
2021-12-01,Mauritius,9,1
2022-01-01,Mauritius,7,0
2022-02-01,Mauritius,6,0
2022-03-01,Mauritius,5,0
2022-04-01,Mauritius,53,0
2022-05-01,Mauritius,95,0
2022-06-01,Mauritius,110,0
2022-07-01,Mauritius,196,0
2022-08-01,Mauritius,198,0
2022-09-01,Mauritius,210,0
2022-10-01,Mauritius,226,0
2022-11-01,Mauritius,663,0
2022-12-01,Mauritius,643,0
2023-01-01,Mauritius,418,0
2023-02-01,Mauritius,274,0
2023-03-01,Mauritius,474,0
2023-04-01,Mauritius,581,0
2023-05-01,Mauritius,363,0
2023-06-01,Mauritius,349,0
2023-07-01,Mauritius,413,0
2023-08-01,Mauritius,377,0
2023-09-01,Mauritius,412,0
2023-10-01,Mauritius,349,0
2023-11-01,Mauritius,769,0
2023-12-01,Mauritius,965,0
2024-01-01,Mauritius,548,0
2024-02-01,Mauritius,292,0
2024-03-01,Mauritius,346,0
2024-04-01,Mauritius,582,0
2024-05-01,Mauritius,372,0
2024-06-01,Mauritius,283,0
2024-07-01,Mauritius,426,0
2024-08-01,Mauritius,504,0
2024-09-01,Mauritius,320,0
2024-10-01,Mauritius,313,0
2024-11-01,Mauritius,802,0
2024-12-01,Mauritius,1077,0
2025-01-01,Mauritius,487,0
2025-02-01,Mauritius,381,0
2025-03-01,Mauritius,282,0
2025-04-01,Mauritius,613,0
2025-05-01,Mauritius,369,0
2025-06-01,Mauritius,312,0
2025-07-01,Mauritius,482,0
2025-08-01,Mauritius,539,0
2025-09-01,Mauritius,270,0
2025-10-01,Mauritius,376,0
2025-11-01,Mauritius,787,0
2025-12-01,Mauritius,1342,0
2026-01-01,Mauritius,538,0
2008-01-01,Myanmar,6090,0
2008-02-01,Myanmar,5329,0
2008-03-01,Myanmar,6989,0
2008-04-01,Myanmar,8873,0
2008-05-01,Myanmar,6199,0
2008-06-01,Myanmar,6292,0
2008-07-01,Myanmar,7068,0
2008-08-01,Myanmar,6680,0
2008-09-01,Myanmar,5815,0
2008-10-01,Myanmar,6581,0
2008-11-01,Myanmar,5738,0
2008-12-01,Myanmar,6928,0
2009-01-01,Myanmar,5521,0
2009-02-01,Myanmar,4909,0
2009-03-01,Myanmar,5916,0
2009-04-01,Myanmar,8226,0
2009-05-01,Myanmar,5512,0
2009-06-01,Myanmar,5150,0
2009-07-01,Myanmar,6147,0
2009-08-01,Myanmar,4850,0
2009-09-01,Myanmar,5042,0
2009-10-01,Myanmar,6249,0
2009-11-01,Myanmar,5694,0
2009-12-01,Myanmar,7056,0
2010-01-01,Myanmar,5512,0
2010-02-01,Myanmar,4583,0
2010-03-01,Myanmar,7000,0
2010-04-01,Myanmar,9646,0
2010-05-01,Myanmar,6556,0
2010-06-01,Myanmar,6236,0
2010-07-01,Myanmar,6879,0
2010-08-01,Myanmar,5838,0
2010-09-01,Myanmar,5376,0
2010-10-01,Myanmar,6482,0
2010-11-01,Myanmar,5953,0
2010-12-01,Myanmar,8277,0
2011-01-01,Myanmar,6457,0
2011-02-01,Myanmar,5897,0
2011-03-01,Myanmar,8466,0
2011-04-01,Myanmar,11168,0
2011-05-01,Myanmar,7893,0
2011-06-01,Myanmar,7571,0
2011-07-01,Myanmar,9196,0
2011-08-01,Myanmar,7256,0
2011-09-01,Myanmar,6966,0
2011-10-01,Myanmar,7624,0
2011-11-01,Myanmar,7096,0
2011-12-01,Myanmar,8594,0
2012-01-01,Myanmar,6710,0
2012-02-01,Myanmar,7038,0
2012-03-01,Myanmar,8197,0
2012-04-01,Myanmar,12114,0
2012-05-01,Myanmar,8984,0
2012-06-01,Myanmar,7397,0
2012-07-01,Myanmar,7699,0
2012-08-01,Myanmar,6527,0
2012-09-01,Myanmar,6502,0
2012-10-01,Myanmar,6935,0
2012-11-01,Myanmar,6870,0
2012-12-01,Myanmar,8073,0
2013-01-01,Myanmar,6819,0
2013-02-01,Myanmar,5680,0
2013-03-01,Myanmar,8693,0
2013-04-01,Myanmar,13031,0
2013-05-01,Myanmar,8432,0
2013-06-01,Myanmar,7718,0
2013-07-01,Myanmar,8427,0
2013-08-01,Myanmar,7020,0
2013-09-01,Myanmar,7190,0
2013-10-01,Myanmar,8934,0
2013-11-01,Myanmar,7531,0
2013-12-01,Myanmar,9892,0
2014-01-01,Myanmar,7807,0
2014-02-01,Myanmar,7513,0
2014-03-01,Myanmar,9789,0
2014-04-01,Myanmar,15255,0
2014-05-01,Myanmar,9538,0
2014-06-01,Myanmar,9530,0
2014-07-01,Myanmar,9345,0
2014-08-01,Myanmar,8903,0
2014-09-01,Myanmar,8294,0
2014-10-01,Myanmar,8958,0
2014-11-01,Myanmar,7973,0
2014-12-01,Myanmar,9859,0
2015-01-01,Myanmar,7825,0
2015-02-01,Myanmar,6204,0
2015-03-01,Myanmar,9681,0
2015-04-01,Myanmar,12969,0
2015-05-01,Myanmar,9162,0
2015-06-01,Myanmar,9326,0
2015-07-01,Myanmar,8757,0
2015-08-01,Myanmar,8000,0
2015-09-01,Myanmar,7461,0
2015-10-01,Myanmar,8762,0
2015-11-01,Myanmar,7625,0
2015-12-01,Myanmar,9680,0
2016-01-01,Myanmar,7703,0
2016-02-01,Myanmar,7090,0
2016-03-01,Myanmar,10517,0
2016-04-01,Myanmar,14495,0
2016-05-01,Myanmar,9470,0
2016-06-01,Myanmar,9731,0
2016-07-01,Myanmar,9937,0
2016-08-01,Myanmar,8012,0
2016-09-01,Myanmar,7102,0
2016-10-01,Myanmar,8218,0
2016-11-01,Myanmar,7648,0
2016-12-01,Myanmar,13691,0
2017-01-01,Myanmar,9902,0
2017-02-01,Myanmar,9783,0
2017-03-01,Myanmar,12656,0
2017-04-01,Myanmar,19610,0
2017-05-01,Myanmar,11705,0
2017-06-01,Myanmar,12144,0
2017-07-01,Myanmar,12619,0
2017-08-01,Myanmar,10934,0
2017-09-01,Myanmar,9888,0
2017-10-01,Myanmar,11616,0
2017-11-01,Myanmar,11402,0
2017-12-01,Myanmar,13462,0
2018-01-01,Myanmar,9883,0
2018-02-01,Myanmar,9594,0
2018-03-01,Myanmar,13797,0
2018-04-01,Myanmar,16422,0
2018-05-01,Myanmar,12274,0
2018-06-01,Myanmar,12008,0
2018-07-01,Myanmar,13189,0
2018-08-01,Myanmar,10759,0
2018-09-01,Myanmar,10211,0
2018-10-01,Myanmar,12874,0
2018-11-01,Myanmar,11846,0
2018-12-01,Myanmar,12753,0
2019-01-01,Myanmar,11074,0
2019-02-01,Myanmar,10522,0
2019-03-01,Myanmar,13499,0
2019-04-01,Myanmar,16252,0
2019-05-01,Myanmar,13300,0
2019-06-01,Myanmar,12899,0
2019-07-01,Myanmar,14805,0
2019-08-01,Myanmar,11942,0
2019-09-01,Myanmar,11742,0
2019-10-01,Myanmar,13824,0
2019-11-01,Myanmar,12598,0
2019-12-01,Myanmar,13536,0
2020-01-01,Myanmar,11341,0
2020-02-01,Myanmar,8018,1
2020-03-01,Myanmar,4762,1
2020-04-01,Myanmar,6,1
2020-05-01,Myanmar,7,1
2020-06-01,Myanmar,8,1
2020-07-01,Myanmar,52,1
2020-08-01,Myanmar,155,1
2020-09-01,Myanmar,244,1
2020-10-01,Myanmar,331,1
2020-11-01,Myanmar,472,1
2020-12-01,Myanmar,716,1
2021-01-01,Myanmar,1223,1
2021-02-01,Myanmar,905,1
2021-03-01,Myanmar,964,1
2021-04-01,Myanmar,1176,1
2021-05-01,Myanmar,720,1
2021-06-01,Myanmar,175,1
2021-07-01,Myanmar,247,1
2021-08-01,Myanmar,87,1
2021-09-01,Myanmar,159,1
2021-10-01,Myanmar,312,1
2021-11-01,Myanmar,1242,1
2021-12-01,Myanmar,2991,1
2022-01-01,Myanmar,2954,0
2022-02-01,Myanmar,2024,0
2022-03-01,Myanmar,3516,0
2022-04-01,Myanmar,5474,0
2022-05-01,Myanmar,6218,0
2022-06-01,Myanmar,9095,0
2022-07-01,Myanmar,10398,0
2022-08-01,Myanmar,8594,0
2022-09-01,Myanmar,8341,0
2022-10-01,Myanmar,9078,0
2022-11-01,Myanmar,9070,0
2022-12-01,Myanmar,10523,0
2023-01-01,Myanmar,8982,0
2023-02-01,Myanmar,7734,0
2023-03-01,Myanmar,9122,0
2023-04-01,Myanmar,11787,0
2023-05-01,Myanmar,10104,0
2023-06-01,Myanmar,9877,0
2023-07-01,Myanmar,10811,0
2023-08-01,Myanmar,10159,0
2023-09-01,Myanmar,10631,0
2023-10-01,Myanmar,11360,0
2023-11-01,Myanmar,11774,0
2023-12-01,Myanmar,13146,0
2024-01-01,Myanmar,12361,0
2024-02-01,Myanmar,10682,0
2024-03-01,Myanmar,15327,0
2024-04-01,Myanmar,15985,0
2024-05-01,Myanmar,13356,0
2024-06-01,Myanmar,12154,0
2024-07-01,Myanmar,12474,0
2024-08-01,Myanmar,9852,0
2024-09-01,Myanmar,9580,0
2024-10-01,Myanmar,11801,0
2024-11-01,Myanmar,11345,0
2024-12-01,Myanmar,14421,0
2025-01-01,Myanmar,11794,0
2025-02-01,Myanmar,10923,0
2025-03-01,Myanmar,14813,0
2025-04-01,Myanmar,16881,0
2025-05-01,Myanmar,13698,0
2025-06-01,Myanmar,12392,0
2025-07-01,Myanmar,14310,0
2025-08-01,Myanmar,13930,0
2025-09-01,Myanmar,13047,0
2025-10-01,Myanmar,15335,0
2025-11-01,Myanmar,15009,0
2025-12-01,Myanmar,17510,0
2026-01-01,Myanmar,15177,0
2008-01-01,Netherlands,5988,0
2008-02-01,Netherlands,5948,0
2008-03-01,Netherlands,6107,0
2008-04-01,Netherlands,5805,0
2008-05-01,Netherlands,5542,0
2008-06-01,Netherlands,4945,0
2008-07-01,Netherlands,7759,0
2008-08-01,Netherlands,7241,0
2008-09-01,Netherlands,5476,0
2008-10-01,Netherlands,6525,0
2008-11-01,Netherlands,6121,0
2008-12-01,Netherlands,5773,0
2009-01-01,Netherlands,5696,0
2009-02-01,Netherlands,5701,0
2009-03-01,Netherlands,5917,0
2009-04-01,Netherlands,5109,0
2009-05-01,Netherlands,4889,0
2009-06-01,Netherlands,4654,0
2009-07-01,Netherlands,9498,0
2009-08-01,Netherlands,8954,0
2009-09-01,Netherlands,6076,0
2009-10-01,Netherlands,7021,0
2009-11-01,Netherlands,6431,0
2009-12-01,Netherlands,6413,0
2010-01-01,Netherlands,6597,0
2010-02-01,Netherlands,6328,0
2010-03-01,Netherlands,6767,0
2010-04-01,Netherlands,5571,0
2010-05-01,Netherlands,5881,0
2010-06-01,Netherlands,4907,0
2010-07-01,Netherlands,8447,0
2010-08-01,Netherlands,7884,0
2010-09-01,Netherlands,5740,0
2010-10-01,Netherlands,6352,0
2010-11-01,Netherlands,6077,0
2010-12-01,Netherlands,5969,0
2011-01-01,Netherlands,6722,0
2011-02-01,Netherlands,6229,0
2011-03-01,Netherlands,7100,0
2011-04-01,Netherlands,5949,0
2011-05-01,Netherlands,5445,0
2011-06-01,Netherlands,4924,0
2011-07-01,Netherlands,9682,0
2011-08-01,Netherlands,8909,0
2011-09-01,Netherlands,6318,0
2011-10-01,Netherlands,7112,0
2011-11-01,Netherlands,6532,0
2011-12-01,Netherlands,6168,0
2012-01-01,Netherlands,7082,0
2012-02-01,Netherlands,7351,0
2012-03-01,Netherlands,7163,0
2012-04-01,Netherlands,5609,0
2012-05-01,Netherlands,5329,0
2012-06-01,Netherlands,5194,0
2012-07-01,Netherlands,9847,0
2012-08-01,Netherlands,8361,0
2012-09-01,Netherlands,6117,0
2012-10-01,Netherlands,6884,0
2012-11-01,Netherlands,6638,0
2012-12-01,Netherlands,6028,0
2013-01-01,Netherlands,7153,0
2013-02-01,Netherlands,7098,0
2013-03-01,Netherlands,7476,0
2013-04-01,Netherlands,5891,0
2013-05-01,Netherlands,5916,0
2013-06-01,Netherlands,5661,0
2013-07-01,Netherlands,9591,0
2013-08-01,Netherlands,8568,0
2013-09-01,Netherlands,6272,0
2013-10-01,Netherlands,6732,0
2013-11-01,Netherlands,6568,0
2013-12-01,Netherlands,6000,0
2014-01-01,Netherlands,7640,0
2014-02-01,Netherlands,7458,0
2014-03-01,Netherlands,7969,0
2014-04-01,Netherlands,6517,0
2014-05-01,Netherlands,5888,0
2014-06-01,Netherlands,4962,0
2014-07-01,Netherlands,8089,0
2014-08-01,Netherlands,8541,0
2014-09-01,Netherlands,6027,0
2014-10-01,Netherlands,6051,0
2014-11-01,Netherlands,6447,0
2014-12-01,Netherlands,6222,0
2015-01-01,Netherlands,6405,0
2015-02-01,Netherlands,6678,0
2015-03-01,Netherlands,7127,0
2015-04-01,Netherlands,5989,0
2015-05-01,Netherlands,5797,0
2015-06-01,Netherlands,4553,0
2015-07-01,Netherlands,9364,0
2015-08-01,Netherlands,8040,0
2015-09-01,Netherlands,5761,0
2015-10-01,Netherlands,6557,0
2015-11-01,Netherlands,6627,0
2015-12-01,Netherlands,6154,0
2016-01-01,Netherlands,7135,0
2016-02-01,Netherlands,6753,0
2016-03-01,Netherlands,6646,0
2016-04-01,Netherlands,6362,0
2016-05-01,Netherlands,6273,0
2016-06-01,Netherlands,4510,0
2016-07-01,Netherlands,9454,0
2016-08-01,Netherlands,9452,0
2016-09-01,Netherlands,6078,0
2016-10-01,Netherlands,6602,0
2016-11-01,Netherlands,6777,0
2016-12-01,Netherlands,6200,0
2017-01-01,Netherlands,7187,0
2017-02-01,Netherlands,6971,0
2017-03-01,Netherlands,6755,0
2017-04-01,Netherlands,6641,0
2017-05-01,Netherlands,5842,0
2017-06-01,Netherlands,4859,0
2017-07-01,Netherlands,10462,0
2017-08-01,Netherlands,10254,0
2017-09-01,Netherlands,6902,0
2017-10-01,Netherlands,7147,0
2017-11-01,Netherlands,7387,0
2017-12-01,Netherlands,6504,0
2018-01-01,Netherlands,7680,0
2018-02-01,Netherlands,7699,0
2018-03-01,Netherlands,7772,0
2018-04-01,Netherlands,7996,0
2018-05-01,Netherlands,6932,0
2018-06-01,Netherlands,5647,0
2018-07-01,Netherlands,11596,0
2018-08-01,Netherlands,12488,0
2018-09-01,Netherlands,7998,0
2018-10-01,Netherlands,7839,0
2018-11-01,Netherlands,7686,0
2018-12-01,Netherlands,6999,0
2019-01-01,Netherlands,8212,0
2019-02-01,Netherlands,7435,0
2019-03-01,Netherlands,8288,0
2019-04-01,Netherlands,7791,0
2019-05-01,Netherlands,6589,0
2019-06-01,Netherlands,5341,0
2019-07-01,Netherlands,11757,0
2019-08-01,Netherlands,12792,0
2019-09-01,Netherlands,8423,0
2019-10-01,Netherlands,7566,0
2019-11-01,Netherlands,8111,0
2019-12-01,Netherlands,7148,0
2020-01-01,Netherlands,7940,0
2020-02-01,Netherlands,6637,1
2020-03-01,Netherlands,2903,1
2020-04-01,Netherlands,1,1
2020-05-01,Netherlands,0,1
2020-06-01,Netherlands,9,1
2020-07-01,Netherlands,46,1
2020-08-01,Netherlands,41,1
2020-09-01,Netherlands,41,1
2020-10-01,Netherlands,77,1
2020-11-01,Netherlands,76,1
2020-12-01,Netherlands,89,1
2021-01-01,Netherlands,106,1
2021-02-01,Netherlands,98,1
2021-03-01,Netherlands,58,1
2021-04-01,Netherlands,79,1
2021-05-01,Netherlands,36,1
2021-06-01,Netherlands,18,1
2021-07-01,Netherlands,34,1
2021-08-01,Netherlands,54,1
2021-09-01,Netherlands,117,1
2021-10-01,Netherlands,208,1
2021-11-01,Netherlands,432,1
2021-12-01,Netherlands,717,1
2022-01-01,Netherlands,474,0
2022-02-01,Netherlands,713,0
2022-03-01,Netherlands,940,0
2022-04-01,Netherlands,2391,0
2022-05-01,Netherlands,3362,0
2022-06-01,Netherlands,3165,0
2022-07-01,Netherlands,7135,0
2022-08-01,Netherlands,8174,0
2022-09-01,Netherlands,6814,0
2022-10-01,Netherlands,6523,0
2022-11-01,Netherlands,5853,0
2022-12-01,Netherlands,5634,0
2023-01-01,Netherlands,6430,0
2023-02-01,Netherlands,7053,0
2023-03-01,Netherlands,6956,0
2023-04-01,Netherlands,6398,0
2023-05-01,Netherlands,6631,0
2023-06-01,Netherlands,5041,0
2023-07-01,Netherlands,10867,0
2023-08-01,Netherlands,11327,0
2023-09-01,Netherlands,8584,0
2023-10-01,Netherlands,7363,0
2023-11-01,Netherlands,7110,0
2023-12-01,Netherlands,6723,0
2024-01-01,Netherlands,7685,0
2024-02-01,Netherlands,7294,0
2024-03-01,Netherlands,6914,0
2024-04-01,Netherlands,7188,0
2024-05-01,Netherlands,7522,0
2024-06-01,Netherlands,5114,0
2024-07-01,Netherlands,12275,0
2024-08-01,Netherlands,12682,0
2024-09-01,Netherlands,7563,0
2024-10-01,Netherlands,7381,0
2024-11-01,Netherlands,7303,0
2024-12-01,Netherlands,6643,0
2025-01-01,Netherlands,7685,0
2025-02-01,Netherlands,7583,0
2025-03-01,Netherlands,6761,0
2025-04-01,Netherlands,7381,0
2025-05-01,Netherlands,7143,0
2025-06-01,Netherlands,5014,0
2025-07-01,Netherlands,13284,0
2025-08-01,Netherlands,13113,0
2025-09-01,Netherlands,7262,0
2025-10-01,Netherlands,7725,0
2025-11-01,Netherlands,7431,0
2025-12-01,Netherlands,7123,0
2026-01-01,Netherlands,8168,0
2008-01-01,New Zealand,8994,0
2008-02-01,New Zealand,5365,0
2008-03-01,New Zealand,6846,0
2008-04-01,New Zealand,8378,0
2008-05-01,New Zealand,9880,0
2008-06-01,New Zealand,10554,0
2008-07-01,New Zealand,13056,0
2008-08-01,New Zealand,10578,0
2008-09-01,New Zealand,10776,0
2008-10-01,New Zealand,11008,0
2008-11-01,New Zealand,7239,0
2008-12-01,New Zealand,8098,0
2009-01-01,New Zealand,7812,0
2009-02-01,New Zealand,4327,0
2009-03-01,New Zealand,4819,0
2009-04-01,New Zealand,6620,0
2009-05-01,New Zealand,7963,0
2009-06-01,New Zealand,9342,0
2009-07-01,New Zealand,10879,0
2009-08-01,New Zealand,8957,0
2009-09-01,New Zealand,9259,0
2009-10-01,New Zealand,9431,0
2009-11-01,New Zealand,7570,0
2009-12-01,New Zealand,6855,0
2010-01-01,New Zealand,8392,0
2010-02-01,New Zealand,4481,0
2010-03-01,New Zealand,5602,0
2010-04-01,New Zealand,6639,0
2010-05-01,New Zealand,8109,0
2010-06-01,New Zealand,9655,0
2010-07-01,New Zealand,10847,0
2010-08-01,New Zealand,9122,0
2010-09-01,New Zealand,9481,0
2010-10-01,New Zealand,8799,0
2010-11-01,New Zealand,7245,0
2010-12-01,New Zealand,7418,0
2011-01-01,New Zealand,8102,0
2011-02-01,New Zealand,4287,0
2011-03-01,New Zealand,6939,0
2011-04-01,New Zealand,11322,0
2011-05-01,New Zealand,12893,0
2011-06-01,New Zealand,12891,0
2011-07-01,New Zealand,15973,0
2011-08-01,New Zealand,11612,0
2011-09-01,New Zealand,9698,0
2011-10-01,New Zealand,9876,0
2011-11-01,New Zealand,8888,0
2011-12-01,New Zealand,10514,0
2012-01-01,New Zealand,11207,0
2012-02-01,New Zealand,6613,0
2012-03-01,New Zealand,7469,0
2012-04-01,New Zealand,9881,0
2012-05-01,New Zealand,10137,0
2012-06-01,New Zealand,12021,0
2012-07-01,New Zealand,13772,0
2012-08-01,New Zealand,10901,0
2012-09-01,New Zealand,11669,0
2012-10-01,New Zealand,11158,0
2012-11-01,New Zealand,8550,0
2012-12-01,New Zealand,10323,0
2013-01-01,New Zealand,11908,0
2013-02-01,New Zealand,5735,0
2013-03-01,New Zealand,7087,0
2013-04-01,New Zealand,9035,0
2013-05-01,New Zealand,10225,0
2013-06-01,New Zealand,10626,0
2013-07-01,New Zealand,14813,0
2013-08-01,New Zealand,10765,0
2013-09-01,New Zealand,11081,0
2013-10-01,New Zealand,10359,0
2013-11-01,New Zealand,8430,0
2013-12-01,New Zealand,10383,0
2014-01-01,New Zealand,11466,0
2014-02-01,New Zealand,6893,0
2014-03-01,New Zealand,6872,0
2014-04-01,New Zealand,9520,0
2014-05-01,New Zealand,10812,0
2014-06-01,New Zealand,10922,0
2014-07-01,New Zealand,14075,0
2014-08-01,New Zealand,10939,0
2014-09-01,New Zealand,10593,0
2014-10-01,New Zealand,9146,0
2014-11-01,New Zealand,7435,0
2014-12-01,New Zealand,10015,0
2015-01-01,New Zealand,12330,0
2015-02-01,New Zealand,6349,0
2015-03-01,New Zealand,7854,0
2015-04-01,New Zealand,9492,0
2015-05-01,New Zealand,10077,0
2015-06-01,New Zealand,11593,0
2015-07-01,New Zealand,14756,0
2015-08-01,New Zealand,12497,0
2015-09-01,New Zealand,12412,0
2015-10-01,New Zealand,11462,0
2015-11-01,New Zealand,9070,0
2015-12-01,New Zealand,9726,0
2016-01-01,New Zealand,10983,0
2016-02-01,New Zealand,5463,0
2016-03-01,New Zealand,6616,0
2016-04-01,New Zealand,10042,0
2016-05-01,New Zealand,9715,0
2016-06-01,New Zealand,10862,0
2016-07-01,New Zealand,14548,0
2016-08-01,New Zealand,11873,0
2016-09-01,New Zealand,11514,0
2016-10-01,New Zealand,10961,0
2016-11-01,New Zealand,8529,0
2016-12-01,New Zealand,9994,0
2017-01-01,New Zealand,10778,0
2017-02-01,New Zealand,6928,0
2017-03-01,New Zealand,8459,0
2017-04-01,New Zealand,12447,0
2017-05-01,New Zealand,10261,0
2017-06-01,New Zealand,11805,0
2017-07-01,New Zealand,15358,0
2017-08-01,New Zealand,11197,0
2017-09-01,New Zealand,12021,0
2017-10-01,New Zealand,11834,0
2017-11-01,New Zealand,9349,0
2017-12-01,New Zealand,10801,0
2018-01-01,New Zealand,11914,0
2018-02-01,New Zealand,6311,0
2018-03-01,New Zealand,8005,0
2018-04-01,New Zealand,11412,0
2018-05-01,New Zealand,10907,0
2018-06-01,New Zealand,13120,0
2018-07-01,New Zealand,16705,0
2018-08-01,New Zealand,12669,0
2018-09-01,New Zealand,13767,0
2018-10-01,New Zealand,12404,0
2018-11-01,New Zealand,8603,0
2018-12-01,New Zealand,11860,0
2019-01-01,New Zealand,12969,0
2019-02-01,New Zealand,6831,0
2019-03-01,New Zealand,8108,0
2019-04-01,New Zealand,14142,0
2019-05-01,New Zealand,12791,0
2019-06-01,New Zealand,14219,0
2019-07-01,New Zealand,17922,0
2019-08-01,New Zealand,13913,0
2019-09-01,New Zealand,15783,0
2019-10-01,New Zealand,13233,0
2019-11-01,New Zealand,9615,0
2019-12-01,New Zealand,13501,0
2020-01-01,New Zealand,15141,0
2020-02-01,New Zealand,6185,1
2020-03-01,New Zealand,2127,1
2020-04-01,New Zealand,1,1
2020-05-01,New Zealand,1,1
2020-06-01,New Zealand,3,1
2020-07-01,New Zealand,27,1
2020-08-01,New Zealand,12,1
2020-09-01,New Zealand,63,1
2020-10-01,New Zealand,63,1
2020-11-01,New Zealand,38,1
2020-12-01,New Zealand,106,1
2021-01-01,New Zealand,63,1
2021-02-01,New Zealand,31,1
2021-03-01,New Zealand,28,1
2021-04-01,New Zealand,39,1
2021-05-01,New Zealand,32,1
2021-06-01,New Zealand,58,1
2021-07-01,New Zealand,73,1
2021-08-01,New Zealand,50,1
2021-09-01,New Zealand,75,1
2021-10-01,New Zealand,58,1
2021-11-01,New Zealand,25,1
2021-12-01,New Zealand,63,1
2022-01-01,New Zealand,87,0
2022-02-01,New Zealand,79,0
2022-03-01,New Zealand,161,0
2022-04-01,New Zealand,1448,0
2022-05-01,New Zealand,3061,0
2022-06-01,New Zealand,3909,0
2022-07-01,New Zealand,7264,0
2022-08-01,New Zealand,7107,0
2022-09-01,New Zealand,8796,0
2022-10-01,New Zealand,8742,0
2022-11-01,New Zealand,7289,0
2022-12-01,New Zealand,9139,0
2023-01-01,New Zealand,10766,0
2023-02-01,New Zealand,6821,0
2023-03-01,New Zealand,6871,0
2023-04-01,New Zealand,11065,0
2023-05-01,New Zealand,11146,0
2023-06-01,New Zealand,13352,0
2023-07-01,New Zealand,15350,0
2023-08-01,New Zealand,12499,0
2023-09-01,New Zealand,15022,0
2023-10-01,New Zealand,13059,0
2023-11-01,New Zealand,9663,0
2023-12-01,New Zealand,12717,0
2024-01-01,New Zealand,14418,0
2024-02-01,New Zealand,8093,0
2024-03-01,New Zealand,9008,0
2024-04-01,New Zealand,13052,0
2024-05-01,New Zealand,12808,0
2024-06-01,New Zealand,14713,0
2024-07-01,New Zealand,18182,0
2024-08-01,New Zealand,14070,0
2024-09-01,New Zealand,15792,0
2024-10-01,New Zealand,14003,0
2024-11-01,New Zealand,10351,0
2024-12-01,New Zealand,13038,0
2025-01-01,New Zealand,14545,0
2025-02-01,New Zealand,7521,0
2025-03-01,New Zealand,8878,0
2025-04-01,New Zealand,14745,0
2025-05-01,New Zealand,13568,0
2025-06-01,New Zealand,16549,0
2025-07-01,New Zealand,17944,0
2025-08-01,New Zealand,13869,0
2025-09-01,New Zealand,17244,0
2025-10-01,New Zealand,14994,0
2025-11-01,New Zealand,11579,0
2025-12-01,New Zealand,13644,0
2026-01-01,New Zealand,15405,0
2008-01-01,North Asia,103460,0
2008-02-01,North Asia,88478,0
2008-03-01,North Asia,97077,0
2008-04-01,North Asia,70311,0
2008-05-01,North Asia,78866,0
2008-06-01,North Asia,76951,0
2008-07-01,North Asia,87345,0
2008-08-01,North Asia,96109,0
2008-09-01,North Asia,74721,0
2008-10-01,North Asia,78748,0
2008-11-01,North Asia,72743,0
2008-12-01,North Asia,69963,0
2009-01-01,North Asia,63943,0
2009-02-01,North Asia,70257,0
2009-03-01,North Asia,67628,0
2009-04-01,North Asia,53014,0
2009-05-01,North Asia,51730,0
2009-06-01,North Asia,49216,0
2009-07-01,North Asia,77111,0
2009-08-01,North Asia,83076,0
2009-09-01,North Asia,68331,0
2009-10-01,North Asia,59384,0
2009-11-01,North Asia,58613,0
2009-12-01,North Asia,60515,0
2010-01-01,North Asia,77235,0
2010-02-01,North Asia,70307,0
2010-03-01,North Asia,82015,0
2010-04-01,North Asia,60001,0
2010-05-01,North Asia,69073,0
2010-06-01,North Asia,66601,0
2010-07-01,North Asia,77397,0
2010-08-01,North Asia,90929,0
2010-09-01,North Asia,70739,0
2010-10-01,North Asia,72547,0
2010-11-01,North Asia,79441,0
2010-12-01,North Asia,74178,0
2011-01-01,North Asia,89922,0
2011-02-01,North Asia,95076,0
2011-03-01,North Asia,89686,0
2011-04-01,North Asia,66392,0
2011-05-01,North Asia,75400,0
2011-06-01,North Asia,72355,0
2011-07-01,North Asia,96250,0
2011-08-01,North Asia,116472,0
2011-09-01,North Asia,92553,0
2011-10-01,North Asia,91377,0
2011-11-01,North Asia,94486,0
2011-12-01,North Asia,92226,0
2012-01-01,North Asia,96683,0
2012-02-01,North Asia,112776,0
2012-03-01,North Asia,109198,0
2012-04-01,North Asia,80556,0
2012-05-01,North Asia,83112,0
2012-06-01,North Asia,86815,0
2012-07-01,North Asia,103740,0
2012-08-01,North Asia,130287,0
2012-09-01,North Asia,97357,0
2012-10-01,North Asia,97453,0
2012-11-01,North Asia,104935,0
2012-12-01,North Asia,100909,0
2013-01-01,North Asia,116158,0
2013-02-01,North Asia,108731,0
2013-03-01,North Asia,124217,0
2013-04-01,North Asia,84637,0
2013-05-01,North Asia,89444,0
2013-06-01,North Asia,94290,0
2013-07-01,North Asia,112139,0
2013-08-01,North Asia,138341,0
2013-09-01,North Asia,109529,0
2013-10-01,North Asia,108282,0
2013-11-01,North Asia,113069,0
2013-12-01,North Asia,106966,0
2014-01-01,North Asia,119359,0
2014-02-01,North Asia,121222,0
2014-03-01,North Asia,127048,0
2014-04-01,North Asia,87061,0
2014-05-01,North Asia,96160,0
2014-06-01,North Asia,93685,0
2014-07-01,North Asia,116155,0
2014-08-01,North Asia,151961,0
2014-09-01,North Asia,113725,0
2014-10-01,North Asia,113472,0
2014-11-01,North Asia,109720,0
2014-12-01,North Asia,112880,0
2015-01-01,North Asia,130360,0
2015-02-01,North Asia,113888,0
2015-03-01,North Asia,122861,0
2015-04-01,North Asia,88349,0
2015-05-01,North Asia,96909,0
2015-06-01,North Asia,90541,0
2015-07-01,North Asia,116129,0
2015-08-01,North Asia,153400,0
2015-09-01,North Asia,113105,0
2015-10-01,North Asia,117039,0
2015-11-01,North Asia,112895,0
2015-12-01,North Asia,111637,0
2016-01-01,North Asia,136486,0
2016-02-01,North Asia,123252,0
2016-03-01,North Asia,120159,0
2016-04-01,North Asia,91011,0
2016-05-01,North Asia,99965,0
2016-06-01,North Asia,98803,0
2016-07-01,North Asia,119480,0
2016-08-01,North Asia,155678,0
2016-09-01,North Asia,106835,0
2016-10-01,North Asia,97212,0
2016-11-01,North Asia,100810,0
2016-12-01,North Asia,101187,0
2017-01-01,North Asia,113643,0
2017-02-01,North Asia,132843,0
2017-03-01,North Asia,126243,0
2017-04-01,North Asia,95081,0
2017-05-01,North Asia,106798,0
2017-06-01,North Asia,102427,0
2017-07-01,North Asia,121532,0
2017-08-01,North Asia,155871,0
2017-09-01,North Asia,117359,0
2017-10-01,North Asia,118060,0
2017-11-01,North Asia,127487,0
2017-12-01,North Asia,107072,0
2018-01-01,North Asia,139610,0
2018-02-01,North Asia,121367,0
2018-03-01,North Asia,132206,0
2018-04-01,North Asia,94826,0
2018-05-01,North Asia,100225,0
2018-06-01,North Asia,98947,0
2018-07-01,North Asia,125988,0
2018-08-01,North Asia,163269,0
2018-09-01,North Asia,124766,0
2018-10-01,North Asia,127966,0
2018-11-01,North Asia,124453,0
2018-12-01,North Asia,105988,0
2019-01-01,North Asia,139127,0
2019-02-01,North Asia,132146,0
2019-03-01,North Asia,131235,0
2019-04-01,North Asia,104688,0
2019-05-01,North Asia,102715,0
2019-06-01,North Asia,102441,0
2019-07-01,North Asia,130551,0
2019-08-01,North Asia,173762,0
2019-09-01,North Asia,132515,0
2019-10-01,North Asia,136707,0
2019-11-01,North Asia,125534,0
2019-12-01,North Asia,118932,0
2020-01-01,North Asia,127547,0
2020-02-01,North Asia,69624,1
2020-03-01,North Asia,12809,1
2020-04-01,North Asia,34,1
2020-05-01,North Asia,38,1
2020-06-01,North Asia,185,1
2020-07-01,North Asia,827,1
2020-08-01,North Asia,828,1
2020-09-01,North Asia,568,1
2020-10-01,North Asia,790,1
2020-11-01,North Asia,1042,1
2020-12-01,North Asia,1149,1
2021-01-01,North Asia,987,1
2021-02-01,North Asia,743,1
2021-03-01,North Asia,1008,1
2021-04-01,North Asia,1068,1
2021-05-01,North Asia,451,1
2021-06-01,North Asia,219,1
2021-07-01,North Asia,499,1
2021-08-01,North Asia,714,1
2021-09-01,North Asia,1299,1
2021-10-01,North Asia,1264,1
2021-11-01,North Asia,2032,1
2021-12-01,North Asia,2770,1
2022-01-01,North Asia,2505,0
2022-02-01,North Asia,2508,0
2022-03-01,North Asia,3555,0
2022-04-01,North Asia,9940,0
2022-05-01,North Asia,16953,0
2022-06-01,North Asia,25153,0
2022-07-01,North Asia,40886,0
2022-08-01,North Asia,50394,0
2022-09-01,North Asia,45900,0
2022-10-01,North Asia,45806,0
2022-11-01,North Asia,54365,0
2022-12-01,North Asia,52077,0
2023-01-01,North Asia,78923,0
2023-02-01,North Asia,97981,0
2023-03-01,North Asia,71803,0
2023-04-01,North Asia,54012,0
2023-05-01,North Asia,68419,0
2023-06-01,North Asia,65648,0
2023-07-01,North Asia,103861,0
2023-08-01,North Asia,130666,0
2023-09-01,North Asia,94298,0
2023-10-01,North Asia,83818,0
2023-11-01,North Asia,84154,0
2023-12-01,North Asia,71445,0
2024-01-01,North Asia,117148,0
2024-02-01,North Asia,114583,0
2024-03-01,North Asia,97048,0
2024-04-01,North Asia,69859,0
2024-05-01,North Asia,78968,0
2024-06-01,North Asia,73480,0
2024-07-01,North Asia,108673,0
2024-08-01,North Asia,142900,0
2024-09-01,North Asia,102800,0
2024-10-01,North Asia,94009,0
2024-11-01,North Asia,84039,0
2024-12-01,North Asia,85933,0
2025-01-01,North Asia,119529,0
2025-02-01,North Asia,128147,0
2025-03-01,North Asia,104090,0
2025-04-01,North Asia,63898,0
2025-05-01,North Asia,80466,0
2025-06-01,North Asia,71544,0
2025-07-01,North Asia,115666,0
2025-08-01,North Asia,157987,0
2025-09-01,North Asia,95066,0
2025-10-01,North Asia,105737,0
2025-11-01,North Asia,95024,0
2025-12-01,North Asia,78605,0
2026-01-01,North Asia,112462,0
2008-01-01,Norway,3269,0
2008-02-01,Norway,3348,0
2008-03-01,Norway,4554,0
2008-04-01,Norway,2500,0
2008-05-01,Norway,1675,0
2008-06-01,Norway,2680,0
2008-07-01,Norway,3126,0
2008-08-01,Norway,1943,0
2008-09-01,Norway,2060,0
2008-10-01,Norway,2487,0
2008-11-01,Norway,2615,0
2008-12-01,Norway,2559,0
2009-01-01,Norway,2734,0
2009-02-01,Norway,2781,0
2009-03-01,Norway,3186,0
2009-04-01,Norway,3076,0
2009-05-01,Norway,1741,0
2009-06-01,Norway,2096,0
2009-07-01,Norway,2662,0
2009-08-01,Norway,1728,0
2009-09-01,Norway,2159,0
2009-10-01,Norway,2566,0
2009-11-01,Norway,2834,0
2009-12-01,Norway,2791,0
2010-01-01,Norway,2974,0
2010-02-01,Norway,3263,0
2010-03-01,Norway,3807,0
2010-04-01,Norway,2560,0
2010-05-01,Norway,1807,0
2010-06-01,Norway,2412,0
2010-07-01,Norway,2819,0
2010-08-01,Norway,1939,0
2010-09-01,Norway,1912,0
2010-10-01,Norway,2903,0
2010-11-01,Norway,2916,0
2010-12-01,Norway,2453,0
2011-01-01,Norway,3050,0
2011-02-01,Norway,2955,0
2011-03-01,Norway,2895,0
2011-04-01,Norway,3353,0
2011-05-01,Norway,1724,0
2011-06-01,Norway,2262,0
2011-07-01,Norway,3201,0
2011-08-01,Norway,1905,0
2011-09-01,Norway,1964,0
2011-10-01,Norway,2667,0
2011-11-01,Norway,3377,0
2011-12-01,Norway,3097,0
2012-01-01,Norway,3238,0
2012-02-01,Norway,4038,0
2012-03-01,Norway,4579,0
2012-04-01,Norway,3444,0
2012-05-01,Norway,1875,0
2012-06-01,Norway,2506,0
2012-07-01,Norway,3587,0
2012-08-01,Norway,1903,0
2012-09-01,Norway,2254,0
2012-10-01,Norway,2907,0
2012-11-01,Norway,3502,0
2012-12-01,Norway,2970,0
2013-01-01,Norway,3382,0
2013-02-01,Norway,3524,0
2013-03-01,Norway,4885,0
2013-04-01,Norway,3073,0
2013-05-01,Norway,1904,0
2013-06-01,Norway,2463,0
2013-07-01,Norway,3501,0
2013-08-01,Norway,2273,0
2013-09-01,Norway,2250,0
2013-10-01,Norway,2765,0
2013-11-01,Norway,3121,0
2013-12-01,Norway,2786,0
2014-01-01,Norway,3435,0
2014-02-01,Norway,3516,0
2014-03-01,Norway,3397,0
2014-04-01,Norway,3938,0
2014-05-01,Norway,1854,0
2014-06-01,Norway,2093,0
2014-07-01,Norway,3328,0
2014-08-01,Norway,2040,0
2014-09-01,Norway,2132,0
2014-10-01,Norway,2328,0
2014-11-01,Norway,2689,0
2014-12-01,Norway,2758,0
2015-01-01,Norway,2859,0
2015-02-01,Norway,3123,0
2015-03-01,Norway,3535,0
2015-04-01,Norway,2652,0
2015-05-01,Norway,1497,0
2015-06-01,Norway,2260,0
2015-07-01,Norway,3874,0
2015-08-01,Norway,1978,0
2015-09-01,Norway,2068,0
2015-10-01,Norway,2675,0
2015-11-01,Norway,2615,0
2015-12-01,Norway,2514,0
2016-01-01,Norway,2992,0
2016-02-01,Norway,2749,0
2016-03-01,Norway,4125,0
2016-04-01,Norway,2267,0
2016-05-01,Norway,1849,0
2016-06-01,Norway,1887,0
2016-07-01,Norway,3166,0
2016-08-01,Norway,1668,0
2016-09-01,Norway,1651,0
2016-10-01,Norway,2286,0
2016-11-01,Norway,2440,0
2016-12-01,Norway,2170,0
2017-01-01,Norway,2522,0
2017-02-01,Norway,2990,0
2017-03-01,Norway,2675,0
2017-04-01,Norway,3041,0
2017-05-01,Norway,1387,0
2017-06-01,Norway,2134,0
2017-07-01,Norway,3872,0
2017-08-01,Norway,1704,0
2017-09-01,Norway,1721,0
2017-10-01,Norway,2232,0
2017-11-01,Norway,2480,0
2017-12-01,Norway,2235,0
2018-01-01,Norway,3204,0
2018-02-01,Norway,3517,0
2018-03-01,Norway,3883,0
2018-04-01,Norway,2449,0
2018-05-01,Norway,1483,0
2018-06-01,Norway,2464,0
2018-07-01,Norway,4842,0
2018-08-01,Norway,2206,0
2018-09-01,Norway,2124,0
2018-10-01,Norway,2608,0
2018-11-01,Norway,2611,0
2018-12-01,Norway,2570,0
2019-01-01,Norway,2902,0
2019-02-01,Norway,3441,0
2019-03-01,Norway,2811,0
2019-04-01,Norway,3405,0
2019-05-01,Norway,1791,0
2019-06-01,Norway,2319,0
2019-07-01,Norway,5103,0
2019-08-01,Norway,2106,0
2019-09-01,Norway,1975,0
2019-10-01,Norway,2633,0
2019-11-01,Norway,2584,0
2019-12-01,Norway,2860,0
2020-01-01,Norway,3262,0
2020-02-01,Norway,3188,1
2020-03-01,Norway,857,1
2020-04-01,Norway,1,1
2020-05-01,Norway,3,1
2020-06-01,Norway,5,1
2020-07-01,Norway,9,1
2020-08-01,Norway,25,1
2020-09-01,Norway,33,1
2020-10-01,Norway,16,1
2020-11-01,Norway,15,1
2020-12-01,Norway,16,1
2021-01-01,Norway,45,1
2021-02-01,Norway,31,1
2021-03-01,Norway,23,1
2021-04-01,Norway,43,1
2021-05-01,Norway,15,1
2021-06-01,Norway,2,1
2021-07-01,Norway,12,1
2021-08-01,Norway,39,1
2021-09-01,Norway,56,1
2021-10-01,Norway,54,1
2021-11-01,Norway,49,1
2021-12-01,Norway,56,1
2022-01-01,Norway,95,0
2022-02-01,Norway,69,0
2022-03-01,Norway,168,0
2022-04-01,Norway,617,0
2022-05-01,Norway,745,0
2022-06-01,Norway,1079,0
2022-07-01,Norway,2067,0
2022-08-01,Norway,1432,0
2022-09-01,Norway,1311,0
2022-10-01,Norway,1771,0
2022-11-01,Norway,1728,0
2022-12-01,Norway,1610,0
2023-01-01,Norway,1891,0
2023-02-01,Norway,2439,0
2023-03-01,Norway,2342,0
2023-04-01,Norway,1810,0
2023-05-01,Norway,1210,0
2023-06-01,Norway,1831,0
2023-07-01,Norway,3585,0
2023-08-01,Norway,1378,0
2023-09-01,Norway,2013,0
2023-10-01,Norway,1776,0
2023-11-01,Norway,1954,0
2023-12-01,Norway,1732,0
2024-01-01,Norway,2128,0
2024-02-01,Norway,2659,0
2024-03-01,Norway,2417,0
2024-04-01,Norway,1763,0
2024-05-01,Norway,1213,0
2024-06-01,Norway,2038,0
2024-07-01,Norway,3836,0
2024-08-01,Norway,1467,0
2024-09-01,Norway,1597,0
2024-10-01,Norway,1710,0
2024-11-01,Norway,2075,0
2024-12-01,Norway,2130,0
2025-01-01,Norway,2603,0
2025-02-01,Norway,2715,0
2025-03-01,Norway,2254,0
2025-04-01,Norway,1794,0
2025-05-01,Norway,1209,0
2025-06-01,Norway,2198,0
2025-07-01,Norway,3844,0
2025-08-01,Norway,1322,0
2025-09-01,Norway,1698,0
2025-10-01,Norway,1761,0
2025-11-01,Norway,1967,0
2025-12-01,Norway,2143,0
2026-01-01,Norway,2408,0
2008-01-01,Pakistan,1701,0
2008-02-01,Pakistan,1252,0
2008-03-01,Pakistan,2055,0
2008-04-01,Pakistan,1502,0
2008-05-01,Pakistan,1663,0
2008-06-01,Pakistan,2551,0
2008-07-01,Pakistan,3749,0
2008-08-01,Pakistan,2492,0
2008-09-01,Pakistan,1115,0
2008-10-01,Pakistan,1335,0
2008-11-01,Pakistan,1739,0
2008-12-01,Pakistan,1844,0
2009-01-01,Pakistan,1257,0
2009-02-01,Pakistan,1314,0
2009-03-01,Pakistan,1503,0
2009-04-01,Pakistan,1442,0
2009-05-01,Pakistan,1460,0
2009-06-01,Pakistan,3014,0
2009-07-01,Pakistan,3756,0
2009-08-01,Pakistan,2358,0
2009-09-01,Pakistan,1055,0
2009-10-01,Pakistan,1461,0
2009-11-01,Pakistan,1495,0
2009-12-01,Pakistan,2165,0
2010-01-01,Pakistan,1585,0
2010-02-01,Pakistan,1292,0
2010-03-01,Pakistan,1662,0
2010-04-01,Pakistan,1707,0
2010-05-01,Pakistan,1565,0
2010-06-01,Pakistan,2926,0
2010-07-01,Pakistan,3908,0
2010-08-01,Pakistan,1510,0
2010-09-01,Pakistan,1125,0
2010-10-01,Pakistan,1469,0
2010-11-01,Pakistan,1401,0
2010-12-01,Pakistan,1777,0
2011-01-01,Pakistan,1572,0
2011-02-01,Pakistan,1161,0
2011-03-01,Pakistan,1361,0
2011-04-01,Pakistan,1490,0
2011-05-01,Pakistan,1653,0
2011-06-01,Pakistan,2740,0
2011-07-01,Pakistan,3568,0
2011-08-01,Pakistan,1154,0
2011-09-01,Pakistan,1319,0
2011-10-01,Pakistan,1574,0
2011-11-01,Pakistan,1486,0
2011-12-01,Pakistan,1850,0
2012-01-01,Pakistan,1496,0
2012-02-01,Pakistan,1405,0
2012-03-01,Pakistan,1492,0
2012-04-01,Pakistan,1294,0
2012-05-01,Pakistan,1489,0
2012-06-01,Pakistan,3119,0
2012-07-01,Pakistan,3327,0
2012-08-01,Pakistan,1394,0
2012-09-01,Pakistan,1710,0
2012-10-01,Pakistan,1368,0
2012-11-01,Pakistan,1395,0
2012-12-01,Pakistan,1717,0
2013-01-01,Pakistan,1778,0
2013-02-01,Pakistan,1249,0
2013-03-01,Pakistan,1734,0
2013-04-01,Pakistan,1572,0
2013-05-01,Pakistan,1646,0
2013-06-01,Pakistan,2770,0
2013-07-01,Pakistan,1512,0
2013-08-01,Pakistan,1956,0
2013-09-01,Pakistan,1419,0
2013-10-01,Pakistan,1675,0
2013-11-01,Pakistan,1309,0
2013-12-01,Pakistan,1628,0
2014-01-01,Pakistan,1259,0
2014-02-01,Pakistan,1117,0
2014-03-01,Pakistan,1570,0
2014-04-01,Pakistan,1225,0
2014-05-01,Pakistan,1357,0
2014-06-01,Pakistan,2799,0
2014-07-01,Pakistan,1374,0
2014-08-01,Pakistan,1951,0
2014-09-01,Pakistan,1115,0
2014-10-01,Pakistan,1161,0
2014-11-01,Pakistan,1242,0
2014-12-01,Pakistan,1505,0
2015-01-01,Pakistan,1500,0
2015-02-01,Pakistan,870,0
2015-03-01,Pakistan,1234,0
2015-04-01,Pakistan,1125,0
2015-05-01,Pakistan,1291,0
2015-06-01,Pakistan,1947,0
2015-07-01,Pakistan,2281,0
2015-08-01,Pakistan,2250,0
2015-09-01,Pakistan,1383,0
2015-10-01,Pakistan,1857,0
2015-11-01,Pakistan,1446,0
2015-12-01,Pakistan,1764,0
2016-01-01,Pakistan,1563,0
2016-02-01,Pakistan,1250,0
2016-03-01,Pakistan,1409,0
2016-04-01,Pakistan,1439,0
2016-05-01,Pakistan,1824,0
2016-06-01,Pakistan,1196,0
2016-07-01,Pakistan,3823,0
2016-08-01,Pakistan,2494,0
2016-09-01,Pakistan,1893,0
2016-10-01,Pakistan,1901,0
2016-11-01,Pakistan,1473,0
2016-12-01,Pakistan,1947,0
2017-01-01,Pakistan,1520,0
2017-02-01,Pakistan,1522,0
2017-03-01,Pakistan,2050,0
2017-04-01,Pakistan,1434,0
2017-05-01,Pakistan,1383,0
2017-06-01,Pakistan,1421,0
2017-07-01,Pakistan,4160,0
2017-08-01,Pakistan,2159,0
2017-09-01,Pakistan,1968,0
2017-10-01,Pakistan,1552,0
2017-11-01,Pakistan,1816,0
2017-12-01,Pakistan,2521,0
2018-01-01,Pakistan,2071,0
2018-02-01,Pakistan,1302,0
2018-03-01,Pakistan,2382,0
2018-04-01,Pakistan,1893,0
2018-05-01,Pakistan,1492,0
2018-06-01,Pakistan,2550,0
2018-07-01,Pakistan,3833,0
2018-08-01,Pakistan,2519,0
2018-09-01,Pakistan,1808,0
2018-10-01,Pakistan,1643,0
2018-11-01,Pakistan,1464,0
2018-12-01,Pakistan,2373,0
2019-01-01,Pakistan,1959,0
2019-02-01,Pakistan,1327,0
2019-03-01,Pakistan,1419,0
2019-04-01,Pakistan,1293,0
2019-05-01,Pakistan,856,0
2019-06-01,Pakistan,2698,0
2019-07-01,Pakistan,2581,0
2019-08-01,Pakistan,1547,0
2019-09-01,Pakistan,1474,0
2019-10-01,Pakistan,1370,0
2019-11-01,Pakistan,1474,0
2019-12-01,Pakistan,1976,0
2020-01-01,Pakistan,1774,0
2020-02-01,Pakistan,742,1
2020-03-01,Pakistan,285,1
2020-04-01,Pakistan,0,1
2020-05-01,Pakistan,1,1
2020-06-01,Pakistan,3,1
2020-07-01,Pakistan,24,1
2020-08-01,Pakistan,42,1
2020-09-01,Pakistan,22,1
2020-10-01,Pakistan,28,1
2020-11-01,Pakistan,18,1
2020-12-01,Pakistan,37,1
2021-01-01,Pakistan,25,1
2021-02-01,Pakistan,14,1
2021-03-01,Pakistan,30,1
2021-04-01,Pakistan,13,1
2021-05-01,Pakistan,0,1
2021-06-01,Pakistan,0,1
2021-07-01,Pakistan,2,1
2021-08-01,Pakistan,4,1
2021-09-01,Pakistan,6,1
2021-10-01,Pakistan,6,1
2021-11-01,Pakistan,36,1
2021-12-01,Pakistan,59,1
2022-01-01,Pakistan,68,0
2022-02-01,Pakistan,28,0
2022-03-01,Pakistan,54,0
2022-04-01,Pakistan,147,0
2022-05-01,Pakistan,448,0
2022-06-01,Pakistan,999,0
2022-07-01,Pakistan,1405,0
2022-08-01,Pakistan,1458,0
2022-09-01,Pakistan,1199,0
2022-10-01,Pakistan,1492,0
2022-11-01,Pakistan,1643,0
2022-12-01,Pakistan,1623,0
2023-01-01,Pakistan,1452,0
2023-02-01,Pakistan,1584,0
2023-03-01,Pakistan,1060,0
2023-04-01,Pakistan,684,0
2023-05-01,Pakistan,1222,0
2023-06-01,Pakistan,1724,0
2023-07-01,Pakistan,2654,0
2023-08-01,Pakistan,1497,0
2023-09-01,Pakistan,1360,0
2023-10-01,Pakistan,1484,0
2023-11-01,Pakistan,1404,0
2023-12-01,Pakistan,1629,0
2024-01-01,Pakistan,1411,0
2024-02-01,Pakistan,1626,0
2024-03-01,Pakistan,824,0
2024-04-01,Pakistan,956,0
2024-05-01,Pakistan,1309,0
2024-06-01,Pakistan,2020,0
2024-07-01,Pakistan,2818,0
2024-08-01,Pakistan,1717,0
2024-09-01,Pakistan,1459,0
2024-10-01,Pakistan,1516,0
2024-11-01,Pakistan,1569,0
2024-12-01,Pakistan,2109,0
2025-01-01,Pakistan,1809,0
2025-02-01,Pakistan,1708,0
2025-03-01,Pakistan,569,0
2025-04-01,Pakistan,1487,0
2025-05-01,Pakistan,1039,0
2025-06-01,Pakistan,1978,0
2025-07-01,Pakistan,3215,0
2025-08-01,Pakistan,2660,0
2025-09-01,Pakistan,1753,0
2025-10-01,Pakistan,2143,0
2025-11-01,Pakistan,2371,0
2025-12-01,Pakistan,1859,0
2026-01-01,Pakistan,1974,0
2008-01-01,Philippines,24635,0
2008-02-01,Philippines,28674,0
2008-03-01,Philippines,37117,0
2008-04-01,Philippines,39347,0
2008-05-01,Philippines,41872,0
2008-06-01,Philippines,33708,0
2008-07-01,Philippines,34135,0
2008-08-01,Philippines,34984,0
2008-09-01,Philippines,34314,0
2008-10-01,Philippines,38577,0
2008-11-01,Philippines,34208,0
2008-12-01,Philippines,37367,0
2009-01-01,Philippines,26249,0
2009-02-01,Philippines,28911,0
2009-03-01,Philippines,35718,0
2009-04-01,Philippines,44622,0
2009-05-01,Philippines,42460,0
2009-06-01,Philippines,33487,0
2009-07-01,Philippines,32072,0
2009-08-01,Philippines,35930,0
2009-09-01,Philippines,35289,0
2009-10-01,Philippines,38367,0
2009-11-01,Philippines,37810,0
2009-12-01,Philippines,41157,0
2010-01-01,Philippines,32704,0
2010-02-01,Philippines,32510,0
2010-03-01,Philippines,43959,0
2010-04-01,Philippines,54454,0
2010-05-01,Philippines,55312,0
2010-06-01,Philippines,44491,0
2010-07-01,Philippines,43441,0
2010-08-01,Philippines,39283,0
2010-09-01,Philippines,40672,0
2010-10-01,Philippines,52011,0
2010-11-01,Philippines,50094,0
2010-12-01,Philippines,55518,0
2011-01-01,Philippines,43339,0
2011-02-01,Philippines,48107,0
2011-03-01,Philippines,59922,0
2011-04-01,Philippines,76197,0
2011-05-01,Philippines,72488,0
2011-06-01,Philippines,52257,0
2011-07-01,Philippines,50938,0
2011-08-01,Philippines,49558,0
2011-09-01,Philippines,51859,0
2011-10-01,Philippines,63218,0
2011-11-01,Philippines,52726,0
2011-12-01,Philippines,57114,0
2012-01-01,Philippines,42248,0
2012-02-01,Philippines,50931,0
2012-03-01,Philippines,58682,0
2012-04-01,Philippines,75052,0
2012-05-01,Philippines,72484,0
2012-06-01,Philippines,49957,0
2012-07-01,Philippines,45249,0
2012-08-01,Philippines,45775,0
2012-09-01,Philippines,46880,0
2012-10-01,Philippines,56058,0
2012-11-01,Philippines,55125,0
2012-12-01,Philippines,58363,0
2013-01-01,Philippines,44201,0
2013-02-01,Philippines,44540,0
2013-03-01,Philippines,63521,0
2013-04-01,Philippines,73215,0
2013-05-01,Philippines,76929,0
2013-06-01,Philippines,55868,0
2013-07-01,Philippines,49225,0
2013-08-01,Philippines,51817,0
2013-09-01,Philippines,47879,0
2013-10-01,Philippines,61360,0
2013-11-01,Philippines,55195,0
2013-12-01,Philippines,64044,0
2014-01-01,Philippines,43702,0
2014-02-01,Philippines,44539,0
2014-03-01,Philippines,57050,0
2014-04-01,Philippines,73558,0
2014-05-01,Philippines,76976,0
2014-06-01,Philippines,56224,0
2014-07-01,Philippines,49506,0
2014-08-01,Philippines,51074,0
2014-09-01,Philippines,47246,0
2014-10-01,Philippines,58572,0
2014-11-01,Philippines,53508,0
2014-12-01,Philippines,64526,0
2015-01-01,Philippines,42839,0
2015-02-01,Philippines,41155,0
2015-03-01,Philippines,53649,0
2015-04-01,Philippines,72259,0
2015-05-01,Philippines,72159,0
2015-06-01,Philippines,53329,0
2015-07-01,Philippines,49724,0
2015-08-01,Philippines,52997,0
2015-09-01,Philippines,48209,0
2015-10-01,Philippines,58357,0
2015-11-01,Philippines,60583,0
2015-12-01,Philippines,68114,0
2016-01-01,Philippines,44334,0
2016-02-01,Philippines,47217,0
2016-03-01,Philippines,58963,0
2016-04-01,Philippines,74245,0
2016-05-01,Philippines,76646,0
2016-06-01,Philippines,56702,0
2016-07-01,Philippines,55005,0
2016-08-01,Philippines,50362,0
2016-09-01,Philippines,45804,0
2016-10-01,Philippines,57924,0
2016-11-01,Philippines,55814,0
2016-12-01,Philippines,68624,0
2017-01-01,Philippines,46187,0
2017-02-01,Philippines,51160,0
2017-03-01,Philippines,61816,0
2017-04-01,Philippines,81952,0
2017-05-01,Philippines,77671,0
2017-06-01,Philippines,62002,0
2017-07-01,Philippines,58727,0
2017-08-01,Philippines,53539,0
2017-09-01,Philippines,52500,0
2017-10-01,Philippines,60194,0
2017-11-01,Philippines,64826,0
2017-12-01,Philippines,65926,0
2018-01-01,Philippines,45184,0
2018-02-01,Philippines,45279,0
2018-03-01,Philippines,62876,0
2018-04-01,Philippines,79128,0
2018-05-01,Philippines,83657,0
2018-06-01,Philippines,68932,0
2018-07-01,Philippines,64757,0
2018-08-01,Philippines,63556,0
2018-09-01,Philippines,57241,0
2018-10-01,Philippines,68218,0
2018-11-01,Philippines,66526,0
2018-12-01,Philippines,72787,0
2019-01-01,Philippines,49245,0
2019-02-01,Philippines,52211,0
2019-03-01,Philippines,59383,0
2019-04-01,Philippines,83453,0
2019-05-01,Philippines,89800,0
2019-06-01,Philippines,73977,0
2019-07-01,Philippines,68893,0
2019-08-01,Philippines,66587,0
2019-09-01,Philippines,62660,0
2019-10-01,Philippines,73812,0
2019-11-01,Philippines,72701,0
2019-12-01,Philippines,76603,0
2020-01-01,Philippines,49522,0
2020-02-01,Philippines,32073,1
2020-03-01,Philippines,11860,1
2020-04-01,Philippines,32,1
2020-05-01,Philippines,65,1
2020-06-01,Philippines,128,1
2020-07-01,Philippines,400,1
2020-08-01,Philippines,480,1
2020-09-01,Philippines,360,1
2020-10-01,Philippines,1076,1
2020-11-01,Philippines,710,1
2020-12-01,Philippines,1175,1
2021-01-01,Philippines,763,1
2021-02-01,Philippines,880,1
2021-03-01,Philippines,1112,1
2021-04-01,Philippines,789,1
2021-05-01,Philippines,745,1
2021-06-01,Philippines,262,1
2021-07-01,Philippines,438,1
2021-08-01,Philippines,392,1
2021-09-01,Philippines,655,1
2021-10-01,Philippines,1042,1
2021-11-01,Philippines,2450,1
2021-12-01,Philippines,1966,1
2022-01-01,Philippines,1469,0
2022-02-01,Philippines,2026,0
2022-03-01,Philippines,6250,0
2022-04-01,Philippines,16940,0
2022-05-01,Philippines,22379,0
2022-06-01,Philippines,32139,0
2022-07-01,Philippines,45338,0
2022-08-01,Philippines,42542,0
2022-09-01,Philippines,44856,0
2022-10-01,Philippines,56747,0
2022-11-01,Philippines,54793,0
2022-12-01,Philippines,56509,0
2023-01-01,Philippines,38484,0
2023-02-01,Philippines,47446,0
2023-03-01,Philippines,50591,0
2023-04-01,Philippines,57030,0
2023-05-01,Philippines,59346,0
2023-06-01,Philippines,71409,0
2023-07-01,Philippines,77160,0
2023-08-01,Philippines,61802,0
2023-09-01,Philippines,50679,0
2023-10-01,Philippines,54649,0
2023-11-01,Philippines,61213,0
2023-12-01,Philippines,62866,0
2024-01-01,Philippines,46287,0
2024-02-01,Philippines,55604,0
2024-03-01,Philippines,100271,0
2024-04-01,Philippines,53154,0
2024-05-01,Philippines,58311,0
2024-06-01,Philippines,76120,0
2024-07-01,Philippines,72589,0
2024-08-01,Philippines,60174,0
2024-09-01,Philippines,55976,0
2024-10-01,Philippines,61489,0
2024-11-01,Philippines,66942,0
2024-12-01,Philippines,72162,0
2025-01-01,Philippines,49088,0
2025-02-01,Philippines,50154,0
2025-03-01,Philippines,51623,0
2025-04-01,Philippines,69047,0
2025-05-01,Philippines,74560,0
2025-06-01,Philippines,66647,0
2025-07-01,Philippines,62381,0
2025-08-01,Philippines,61462,0
2025-09-01,Philippines,51355,0
2025-10-01,Philippines,64398,0
2025-11-01,Philippines,59859,0
2025-12-01,Philippines,65491,0
2026-01-01,Philippines,42526,0
2008-01-01,Rep Of Ireland,2703,0
2008-02-01,Rep Of Ireland,2137,0
2008-03-01,Rep Of Ireland,2900,0
2008-04-01,Rep Of Ireland,1939,0
2008-05-01,Rep Of Ireland,1730,0
2008-06-01,Rep Of Ireland,2316,0
2008-07-01,Rep Of Ireland,2443,0
2008-08-01,Rep Of Ireland,2064,0
2008-09-01,Rep Of Ireland,2070,0
2008-10-01,Rep Of Ireland,2439,0
2008-11-01,Rep Of Ireland,2642,0
2008-12-01,Rep Of Ireland,2653,0
2009-01-01,Rep Of Ireland,2255,0
2009-02-01,Rep Of Ireland,1967,0
2009-03-01,Rep Of Ireland,2211,0
2009-04-01,Rep Of Ireland,1878,0
2009-05-01,Rep Of Ireland,1423,0
2009-06-01,Rep Of Ireland,1910,0
2009-07-01,Rep Of Ireland,2085,0
2009-08-01,Rep Of Ireland,1835,0
2009-09-01,Rep Of Ireland,1685,0
2009-10-01,Rep Of Ireland,1855,0
2009-11-01,Rep Of Ireland,1830,0
2009-12-01,Rep Of Ireland,1786,0
2010-01-01,Rep Of Ireland,1928,0
2010-02-01,Rep Of Ireland,1555,0
2010-03-01,Rep Of Ireland,2062,0
2010-04-01,Rep Of Ireland,1578,0
2010-05-01,Rep Of Ireland,1411,0
2010-06-01,Rep Of Ireland,1904,0
2010-07-01,Rep Of Ireland,1725,0
2010-08-01,Rep Of Ireland,1776,0
2010-09-01,Rep Of Ireland,1559,0
2010-10-01,Rep Of Ireland,1733,0
2010-11-01,Rep Of Ireland,1574,0
2010-12-01,Rep Of Ireland,1632,0
2011-01-01,Rep Of Ireland,1695,0
2011-02-01,Rep Of Ireland,1311,0
2011-03-01,Rep Of Ireland,1531,0
2011-04-01,Rep Of Ireland,1569,0
2011-05-01,Rep Of Ireland,1302,0
2011-06-01,Rep Of Ireland,1499,0
2011-07-01,Rep Of Ireland,1785,0
2011-08-01,Rep Of Ireland,1570,0
2011-09-01,Rep Of Ireland,1521,0
2011-10-01,Rep Of Ireland,1561,0
2011-11-01,Rep Of Ireland,1695,0
2011-12-01,Rep Of Ireland,1526,0
2012-01-01,Rep Of Ireland,1566,0
2012-02-01,Rep Of Ireland,1557,0
2012-03-01,Rep Of Ireland,1817,0
2012-04-01,Rep Of Ireland,1463,0
2012-05-01,Rep Of Ireland,1240,0
2012-06-01,Rep Of Ireland,1560,0
2012-07-01,Rep Of Ireland,1862,0
2012-08-01,Rep Of Ireland,1661,0
2012-09-01,Rep Of Ireland,1421,0
2012-10-01,Rep Of Ireland,1740,0
2012-11-01,Rep Of Ireland,1683,0
2012-12-01,Rep Of Ireland,1395,0
2013-01-01,Rep Of Ireland,1631,0
2013-02-01,Rep Of Ireland,1361,0
2013-03-01,Rep Of Ireland,1856,0
2013-04-01,Rep Of Ireland,1255,0
2013-05-01,Rep Of Ireland,1264,0
2013-06-01,Rep Of Ireland,1388,0
2013-07-01,Rep Of Ireland,1654,0
2013-08-01,Rep Of Ireland,1562,0
2013-09-01,Rep Of Ireland,1298,0
2013-10-01,Rep Of Ireland,1598,0
2013-11-01,Rep Of Ireland,1232,0
2013-12-01,Rep Of Ireland,1347,0
2014-01-01,Rep Of Ireland,1514,0
2014-02-01,Rep Of Ireland,1325,0
2014-03-01,Rep Of Ireland,1464,0
2014-04-01,Rep Of Ireland,1278,0
2014-05-01,Rep Of Ireland,1113,0
2014-06-01,Rep Of Ireland,1357,0
2014-07-01,Rep Of Ireland,1734,0
2014-08-01,Rep Of Ireland,1429,0
2014-09-01,Rep Of Ireland,1281,0
2014-10-01,Rep Of Ireland,1353,0
2014-11-01,Rep Of Ireland,1363,0
2014-12-01,Rep Of Ireland,1198,0
2015-01-01,Rep Of Ireland,1551,0
2015-02-01,Rep Of Ireland,1277,0
2015-03-01,Rep Of Ireland,1617,0
2015-04-01,Rep Of Ireland,1434,0
2015-05-01,Rep Of Ireland,1224,0
2015-06-01,Rep Of Ireland,1369,0
2015-07-01,Rep Of Ireland,1576,0
2015-08-01,Rep Of Ireland,1631,0
2015-09-01,Rep Of Ireland,1335,0
2015-10-01,Rep Of Ireland,1386,0
2015-11-01,Rep Of Ireland,1480,0
2015-12-01,Rep Of Ireland,1467,0
2016-01-01,Rep Of Ireland,1916,0
2016-02-01,Rep Of Ireland,1418,0
2016-03-01,Rep Of Ireland,1823,0
2016-04-01,Rep Of Ireland,1406,0
2016-05-01,Rep Of Ireland,1349,0
2016-06-01,Rep Of Ireland,1579,0
2016-07-01,Rep Of Ireland,2006,0
2016-08-01,Rep Of Ireland,1443,0
2016-09-01,Rep Of Ireland,1425,0
2016-10-01,Rep Of Ireland,1693,0
2016-11-01,Rep Of Ireland,1453,0
2016-12-01,Rep Of Ireland,1432,0
2017-01-01,Rep Of Ireland,1706,0
2017-02-01,Rep Of Ireland,1625,0
2017-03-01,Rep Of Ireland,1738,0
2017-04-01,Rep Of Ireland,1731,0
2017-05-01,Rep Of Ireland,1476,0
2017-06-01,Rep Of Ireland,1545,0
2017-07-01,Rep Of Ireland,2229,0
2017-08-01,Rep Of Ireland,1815,0
2017-09-01,Rep Of Ireland,1657,0
2017-10-01,Rep Of Ireland,1807,0
2017-11-01,Rep Of Ireland,1753,0
2017-12-01,Rep Of Ireland,1525,0
2018-01-01,Rep Of Ireland,1980,0
2018-02-01,Rep Of Ireland,1737,0
2018-03-01,Rep Of Ireland,2232,0
2018-04-01,Rep Of Ireland,1841,0
2018-05-01,Rep Of Ireland,1514,0
2018-06-01,Rep Of Ireland,1741,0
2018-07-01,Rep Of Ireland,2515,0
2018-08-01,Rep Of Ireland,2069,0
2018-09-01,Rep Of Ireland,1762,0
2018-10-01,Rep Of Ireland,1842,0
2018-11-01,Rep Of Ireland,1862,0
2018-12-01,Rep Of Ireland,1582,0
2019-01-01,Rep Of Ireland,1999,0
2019-02-01,Rep Of Ireland,1737,0
2019-03-01,Rep Of Ireland,2115,0
2019-04-01,Rep Of Ireland,2026,0
2019-05-01,Rep Of Ireland,1623,0
2019-06-01,Rep Of Ireland,2108,0
2019-07-01,Rep Of Ireland,2722,0
2019-08-01,Rep Of Ireland,2093,0
2019-09-01,Rep Of Ireland,1945,0
2019-10-01,Rep Of Ireland,2117,0
2019-11-01,Rep Of Ireland,2201,0
2019-12-01,Rep Of Ireland,2006,0
2020-01-01,Rep Of Ireland,2487,0
2020-02-01,Rep Of Ireland,1483,1
2020-03-01,Rep Of Ireland,653,1
2020-04-01,Rep Of Ireland,2,1
2020-05-01,Rep Of Ireland,0,1
2020-06-01,Rep Of Ireland,1,1
2020-07-01,Rep Of Ireland,18,1
2020-08-01,Rep Of Ireland,8,1
2020-09-01,Rep Of Ireland,24,1
2020-10-01,Rep Of Ireland,10,1
2020-11-01,Rep Of Ireland,13,1
2020-12-01,Rep Of Ireland,17,1
2021-01-01,Rep Of Ireland,16,1
2021-02-01,Rep Of Ireland,14,1
2021-03-01,Rep Of Ireland,12,1
2021-04-01,Rep Of Ireland,10,1
2021-05-01,Rep Of Ireland,6,1
2021-06-01,Rep Of Ireland,4,1
2021-07-01,Rep Of Ireland,21,1
2021-08-01,Rep Of Ireland,31,1
2021-09-01,Rep Of Ireland,39,1
2021-10-01,Rep Of Ireland,44,1
2021-11-01,Rep Of Ireland,13,1
2021-12-01,Rep Of Ireland,53,1
2022-01-01,Rep Of Ireland,44,0
2022-02-01,Rep Of Ireland,49,0
2022-03-01,Rep Of Ireland,105,0
2022-04-01,Rep Of Ireland,381,0
2022-05-01,Rep Of Ireland,625,0
2022-06-01,Rep Of Ireland,869,0
2022-07-01,Rep Of Ireland,1483,0
2022-08-01,Rep Of Ireland,1482,0
2022-09-01,Rep Of Ireland,1592,0
2022-10-01,Rep Of Ireland,1530,0
2022-11-01,Rep Of Ireland,1567,0
2022-12-01,Rep Of Ireland,1359,0
2023-01-01,Rep Of Ireland,1767,0
2023-02-01,Rep Of Ireland,1868,0
2023-03-01,Rep Of Ireland,1992,0
2023-04-01,Rep Of Ireland,1893,0
2023-05-01,Rep Of Ireland,1777,0
2023-06-01,Rep Of Ireland,1626,0
2023-07-01,Rep Of Ireland,2344,0
2023-08-01,Rep Of Ireland,1984,0
2023-09-01,Rep Of Ireland,2062,0
2023-10-01,Rep Of Ireland,1776,0
2023-11-01,Rep Of Ireland,2042,0
2023-12-01,Rep Of Ireland,1612,0
2024-01-01,Rep Of Ireland,2218,0
2024-02-01,Rep Of Ireland,2344,0
2024-03-01,Rep Of Ireland,2619,0
2024-04-01,Rep Of Ireland,1921,0
2024-05-01,Rep Of Ireland,1791,0
2024-06-01,Rep Of Ireland,2108,0
2024-07-01,Rep Of Ireland,2458,0
2024-08-01,Rep Of Ireland,2028,0
2024-09-01,Rep Of Ireland,2041,0
2024-10-01,Rep Of Ireland,2137,0
2024-11-01,Rep Of Ireland,2514,0
2024-12-01,Rep Of Ireland,1992,0
2025-01-01,Rep Of Ireland,2673,0
2025-02-01,Rep Of Ireland,2453,0
2025-03-01,Rep Of Ireland,2774,0
2025-04-01,Rep Of Ireland,2685,0
2025-05-01,Rep Of Ireland,1787,0
2025-06-01,Rep Of Ireland,2348,0
2025-07-01,Rep Of Ireland,2744,0
2025-08-01,Rep Of Ireland,2297,0
2025-09-01,Rep Of Ireland,1969,0
2025-10-01,Rep Of Ireland,2199,0
2025-11-01,Rep Of Ireland,2268,0
2025-12-01,Rep Of Ireland,2008,0
2026-01-01,Rep Of Ireland,2764,0
2008-01-01,Russian Federation,8683,0
2008-02-01,Russian Federation,3954,0
2008-03-01,Russian Federation,4815,0
2008-04-01,Russian Federation,4102,0
2008-05-01,Russian Federation,4272,0
2008-06-01,Russian Federation,3626,0
2008-07-01,Russian Federation,3922,0
2008-08-01,Russian Federation,4385,0
2008-09-01,Russian Federation,3815,0
2008-10-01,Russian Federation,4748,0
2008-11-01,Russian Federation,5198,0
2008-12-01,Russian Federation,5138,0
2009-01-01,Russian Federation,8075,0
2009-02-01,Russian Federation,3828,0
2009-03-01,Russian Federation,3939,0
2009-04-01,Russian Federation,3436,0
2009-05-01,Russian Federation,3563,0
2009-06-01,Russian Federation,2892,0
2009-07-01,Russian Federation,3131,0
2009-08-01,Russian Federation,3643,0
2009-09-01,Russian Federation,3644,0
2009-10-01,Russian Federation,4691,0
2009-11-01,Russian Federation,4900,0
2009-12-01,Russian Federation,4606,0
2010-01-01,Russian Federation,8063,0
2010-02-01,Russian Federation,4465,0
2010-03-01,Russian Federation,5037,0
2010-04-01,Russian Federation,3878,0
2010-05-01,Russian Federation,4067,0
2010-06-01,Russian Federation,3096,0
2010-07-01,Russian Federation,3325,0
2010-08-01,Russian Federation,4255,0
2010-09-01,Russian Federation,3550,0
2010-10-01,Russian Federation,4522,0
2010-11-01,Russian Federation,5098,0
2010-12-01,Russian Federation,5649,0
2011-01-01,Russian Federation,9732,0
2011-02-01,Russian Federation,4349,0
2011-03-01,Russian Federation,5736,0
2011-04-01,Russian Federation,4157,0
2011-05-01,Russian Federation,3163,0
2011-06-01,Russian Federation,3085,0
2011-07-01,Russian Federation,3888,0
2011-08-01,Russian Federation,4033,0
2011-09-01,Russian Federation,4262,0
2011-10-01,Russian Federation,4575,0
2011-11-01,Russian Federation,5517,0
2011-12-01,Russian Federation,6881,0
2012-01-01,Russian Federation,12759,0
2012-02-01,Russian Federation,6533,0
2012-03-01,Russian Federation,6603,0
2012-04-01,Russian Federation,5023,0
2012-05-01,Russian Federation,3939,0
2012-06-01,Russian Federation,3567,0
2012-07-01,Russian Federation,3848,0
2012-08-01,Russian Federation,4101,0
2012-09-01,Russian Federation,4002,0
2012-10-01,Russian Federation,4909,0
2012-11-01,Russian Federation,6370,0
2012-12-01,Russian Federation,7303,0
2013-01-01,Russian Federation,12197,0
2013-02-01,Russian Federation,6482,0
2013-03-01,Russian Federation,7873,0
2013-04-01,Russian Federation,6499,0
2013-05-01,Russian Federation,5566,0
2013-06-01,Russian Federation,4264,0
2013-07-01,Russian Federation,4784,0
2013-08-01,Russian Federation,5184,0
2013-09-01,Russian Federation,4726,0
2013-10-01,Russian Federation,6748,0
2013-11-01,Russian Federation,8376,0
2013-12-01,Russian Federation,9435,0
2014-01-01,Russian Federation,15770,0
2014-02-01,Russian Federation,9154,0
2014-03-01,Russian Federation,9563,0
2014-04-01,Russian Federation,6996,0
2014-05-01,Russian Federation,5746,0
2014-06-01,Russian Federation,4874,0
2014-07-01,Russian Federation,5280,0
2014-08-01,Russian Federation,6129,0
2014-09-01,Russian Federation,5384,0
2014-10-01,Russian Federation,6507,0
2014-11-01,Russian Federation,7246,0
2014-12-01,Russian Federation,8004,0
2015-01-01,Russian Federation,12650,0
2015-02-01,Russian Federation,4861,0
2015-03-01,Russian Federation,5154,0
2015-04-01,Russian Federation,4371,0
2015-05-01,Russian Federation,4523,0
2015-06-01,Russian Federation,3644,0
2015-07-01,Russian Federation,4071,0
2015-08-01,Russian Federation,4618,0
2015-09-01,Russian Federation,3725,0
2015-10-01,Russian Federation,4900,0
2015-11-01,Russian Federation,5518,0
2015-12-01,Russian Federation,5807,0
2016-01-01,Russian Federation,9504,0
2016-02-01,Russian Federation,6412,0
2016-03-01,Russian Federation,6744,0
2016-04-01,Russian Federation,4961,0
2016-05-01,Russian Federation,4411,0
2016-06-01,Russian Federation,3486,0
2016-07-01,Russian Federation,4349,0
2016-08-01,Russian Federation,5002,0
2016-09-01,Russian Federation,4503,0
2016-10-01,Russian Federation,6006,0
2016-11-01,Russian Federation,7286,0
2016-12-01,Russian Federation,7739,0
2017-01-01,Russian Federation,12262,0
2017-02-01,Russian Federation,8949,0
2017-03-01,Russian Federation,8963,0
2017-04-01,Russian Federation,6616,0
2017-05-01,Russian Federation,5123,0
2017-06-01,Russian Federation,3992,0
2017-07-01,Russian Federation,4374,0
2017-08-01,Russian Federation,4933,0
2017-09-01,Russian Federation,4483,0
2017-10-01,Russian Federation,5459,0
2017-11-01,Russian Federation,7084,0
2017-12-01,Russian Federation,7896,0
2018-01-01,Russian Federation,15838,0
2018-02-01,Russian Federation,8901,0
2018-03-01,Russian Federation,9516,0
2018-04-01,Russian Federation,7017,0
2018-05-01,Russian Federation,5265,0
2018-06-01,Russian Federation,3960,0
2018-07-01,Russian Federation,4158,0
2018-08-01,Russian Federation,5014,0
2018-09-01,Russian Federation,4456,0
2018-10-01,Russian Federation,5274,0
2018-11-01,Russian Federation,7139,0
2018-12-01,Russian Federation,7989,0
2019-01-01,Russian Federation,12763,0
2019-02-01,Russian Federation,8145,0
2019-03-01,Russian Federation,8585,0
2019-04-01,Russian Federation,6112,0
2019-05-01,Russian Federation,5276,0
2019-06-01,Russian Federation,3535,0
2019-07-01,Russian Federation,4030,0
2019-08-01,Russian Federation,4059,0
2019-09-01,Russian Federation,4385,0
2019-10-01,Russian Federation,5569,0
2019-11-01,Russian Federation,8171,0
2019-12-01,Russian Federation,9629,0
2020-01-01,Russian Federation,15880,0
2020-02-01,Russian Federation,9135,1
2020-03-01,Russian Federation,3707,1
2020-04-01,Russian Federation,7,1
2020-05-01,Russian Federation,7,1
2020-06-01,Russian Federation,35,1
2020-07-01,Russian Federation,28,1
2020-08-01,Russian Federation,41,1
2020-09-01,Russian Federation,24,1
2020-10-01,Russian Federation,30,1
2020-11-01,Russian Federation,36,1
2020-12-01,Russian Federation,61,1
2021-01-01,Russian Federation,40,1
2021-02-01,Russian Federation,42,1
2021-03-01,Russian Federation,53,1
2021-04-01,Russian Federation,35,1
2021-05-01,Russian Federation,17,1
2021-06-01,Russian Federation,5,1
2021-07-01,Russian Federation,13,1
2021-08-01,Russian Federation,32,1
2021-09-01,Russian Federation,28,1
2021-10-01,Russian Federation,44,1
2021-11-01,Russian Federation,37,1
2021-12-01,Russian Federation,42,1
2022-01-01,Russian Federation,50,0
2022-02-01,Russian Federation,49,0
2022-03-01,Russian Federation,78,0
2022-04-01,Russian Federation,181,0
2022-05-01,Russian Federation,218,0
2022-06-01,Russian Federation,308,0
2022-07-01,Russian Federation,452,0
2022-08-01,Russian Federation,484,0
2022-09-01,Russian Federation,756,0
2022-10-01,Russian Federation,1312,0
2022-11-01,Russian Federation,2408,0
2022-12-01,Russian Federation,3503,0
2023-01-01,Russian Federation,6637,0
2023-02-01,Russian Federation,7009,0
2023-03-01,Russian Federation,6635,0
2023-04-01,Russian Federation,5044,0
2023-05-01,Russian Federation,3966,0
2023-06-01,Russian Federation,2796,0
2023-07-01,Russian Federation,3627,0
2023-08-01,Russian Federation,3493,0
2023-09-01,Russian Federation,3333,0
2023-10-01,Russian Federation,3952,0
2023-11-01,Russian Federation,4695,0
2023-12-01,Russian Federation,5523,0
2024-01-01,Russian Federation,9466,0
2024-02-01,Russian Federation,7152,0
2024-03-01,Russian Federation,5608,0
2024-04-01,Russian Federation,5216,0
2024-05-01,Russian Federation,3654,0
2024-06-01,Russian Federation,2907,0
2024-07-01,Russian Federation,3774,0
2024-08-01,Russian Federation,3498,0
2024-09-01,Russian Federation,3475,0
2024-10-01,Russian Federation,3905,0
2024-11-01,Russian Federation,6235,0
2024-12-01,Russian Federation,6109,0
2025-01-01,Russian Federation,10469,0
2025-02-01,Russian Federation,7933,0
2025-03-01,Russian Federation,6974,0
2025-04-01,Russian Federation,5119,0
2025-05-01,Russian Federation,4770,0
2025-06-01,Russian Federation,3239,0
2025-07-01,Russian Federation,4313,0
2025-08-01,Russian Federation,4340,0
2025-09-01,Russian Federation,3891,0
2025-10-01,Russian Federation,5735,0
2025-11-01,Russian Federation,5496,0
2025-12-01,Russian Federation,6888,0
2026-01-01,Russian Federation,12341,0
2008-01-01,Saudi Arabia,443,0
2008-02-01,Saudi Arabia,640,0
2008-03-01,Saudi Arabia,687,0
2008-04-01,Saudi Arabia,719,0
2008-05-01,Saudi Arabia,533,0
2008-06-01,Saudi Arabia,885,0
2008-07-01,Saudi Arabia,1592,0
2008-08-01,Saudi Arabia,1911,0
2008-09-01,Saudi Arabia,474,0
2008-10-01,Saudi Arabia,750,0
2008-11-01,Saudi Arabia,607,0
2008-12-01,Saudi Arabia,855,0
2009-01-01,Saudi Arabia,446,0
2009-02-01,Saudi Arabia,819,0
2009-03-01,Saudi Arabia,781,0
2009-04-01,Saudi Arabia,719,0
2009-05-01,Saudi Arabia,671,0
2009-06-01,Saudi Arabia,849,0
2009-07-01,Saudi Arabia,1807,0
2009-08-01,Saudi Arabia,1503,0
2009-09-01,Saudi Arabia,771,0
2009-10-01,Saudi Arabia,666,0
2009-11-01,Saudi Arabia,1069,0
2009-12-01,Saudi Arabia,714,0
2010-01-01,Saudi Arabia,513,0
2010-02-01,Saudi Arabia,714,0
2010-03-01,Saudi Arabia,689,0
2010-04-01,Saudi Arabia,1038,0
2010-05-01,Saudi Arabia,771,0
2010-06-01,Saudi Arabia,942,0
2010-07-01,Saudi Arabia,2400,0
2010-08-01,Saudi Arabia,972,0
2010-09-01,Saudi Arabia,1345,0
2010-10-01,Saudi Arabia,902,0
2010-11-01,Saudi Arabia,1554,0
2010-12-01,Saudi Arabia,793,0
2011-01-01,Saudi Arabia,849,0
2011-02-01,Saudi Arabia,1208,0
2011-03-01,Saudi Arabia,792,0
2011-04-01,Saudi Arabia,1231,0
2011-05-01,Saudi Arabia,936,0
2011-06-01,Saudi Arabia,1512,0
2011-07-01,Saudi Arabia,3696,0
2011-08-01,Saudi Arabia,1056,0
2011-09-01,Saudi Arabia,1545,0
2011-10-01,Saudi Arabia,1142,0
2011-11-01,Saudi Arabia,1907,0
2011-12-01,Saudi Arabia,1167,0
2012-01-01,Saudi Arabia,1664,0
2012-02-01,Saudi Arabia,975,0
2012-03-01,Saudi Arabia,1244,0
2012-04-01,Saudi Arabia,1029,0
2012-05-01,Saudi Arabia,874,0
2012-06-01,Saudi Arabia,2519,0
2012-07-01,Saudi Arabia,2176,0
2012-08-01,Saudi Arabia,1785,0
2012-09-01,Saudi Arabia,1080,0
2012-10-01,Saudi Arabia,2517,0
2012-11-01,Saudi Arabia,1006,0
2012-12-01,Saudi Arabia,1100,0
2013-01-01,Saudi Arabia,1988,0
2013-02-01,Saudi Arabia,972,0
2013-03-01,Saudi Arabia,1610,0
2013-04-01,Saudi Arabia,1089,0
2013-05-01,Saudi Arabia,954,0
2013-06-01,Saudi Arabia,2839,0
2013-07-01,Saudi Arabia,935,0
2013-08-01,Saudi Arabia,3606,0
2013-09-01,Saudi Arabia,1089,0
2013-10-01,Saudi Arabia,2588,0
2013-11-01,Saudi Arabia,1007,0
2013-12-01,Saudi Arabia,1219,0
2014-01-01,Saudi Arabia,2617,0
2014-02-01,Saudi Arabia,1322,0
2014-03-01,Saudi Arabia,2037,0
2014-04-01,Saudi Arabia,1379,0
2014-05-01,Saudi Arabia,1556,0
2014-06-01,Saudi Arabia,2205,0
2014-07-01,Saudi Arabia,1760,0
2014-08-01,Saudi Arabia,5290,0
2014-09-01,Saudi Arabia,2311,0
2014-10-01,Saudi Arabia,2349,0
2014-11-01,Saudi Arabia,1660,0
2014-12-01,Saudi Arabia,1292,0
2015-01-01,Saudi Arabia,2500,0
2015-02-01,Saudi Arabia,948,0
2015-03-01,Saudi Arabia,1777,0
2015-04-01,Saudi Arabia,873,0
2015-05-01,Saudi Arabia,711,0
2015-06-01,Saudi Arabia,735,0
2015-07-01,Saudi Arabia,2177,0
2015-08-01,Saudi Arabia,1932,0
2015-09-01,Saudi Arabia,1845,0
2015-10-01,Saudi Arabia,893,0
2015-11-01,Saudi Arabia,797,0
2015-12-01,Saudi Arabia,903,0
2016-01-01,Saudi Arabia,1420,0
2016-02-01,Saudi Arabia,797,0
2016-03-01,Saudi Arabia,1332,0
2016-04-01,Saudi Arabia,789,0
2016-05-01,Saudi Arabia,1049,0
2016-06-01,Saudi Arabia,501,0
2016-07-01,Saudi Arabia,2278,0
2016-08-01,Saudi Arabia,2074,0
2016-09-01,Saudi Arabia,1750,0
2016-10-01,Saudi Arabia,598,0
2016-11-01,Saudi Arabia,1123,0
2016-12-01,Saudi Arabia,809,0
2017-01-01,Saudi Arabia,1065,0
2017-02-01,Saudi Arabia,835,0
2017-03-01,Saudi Arabia,1111,0
2017-04-01,Saudi Arabia,928,0
2017-05-01,Saudi Arabia,594,0
2017-06-01,Saudi Arabia,640,0
2017-07-01,Saudi Arabia,1427,0
2017-08-01,Saudi Arabia,1315,0
2017-09-01,Saudi Arabia,883,0
2017-10-01,Saudi Arabia,621,0
2017-11-01,Saudi Arabia,754,0
2017-12-01,Saudi Arabia,817,0
2018-01-01,Saudi Arabia,1276,0
2018-02-01,Saudi Arabia,523,0
2018-03-01,Saudi Arabia,903,0
2018-04-01,Saudi Arabia,625,0
2018-05-01,Saudi Arabia,452,0
2018-06-01,Saudi Arabia,1183,0
2018-07-01,Saudi Arabia,1708,0
2018-08-01,Saudi Arabia,1677,0
2018-09-01,Saudi Arabia,807,0
2018-10-01,Saudi Arabia,703,0
2018-11-01,Saudi Arabia,768,0
2018-12-01,Saudi Arabia,1304,0
2019-01-01,Saudi Arabia,963,0
2019-02-01,Saudi Arabia,765,0
2019-03-01,Saudi Arabia,952,0
2019-04-01,Saudi Arabia,1019,0
2019-05-01,Saudi Arabia,378,0
2019-06-01,Saudi Arabia,2204,0
2019-07-01,Saudi Arabia,2489,0
2019-08-01,Saudi Arabia,2490,0
2019-09-01,Saudi Arabia,959,0
2019-10-01,Saudi Arabia,909,0
2019-11-01,Saudi Arabia,999,0
2019-12-01,Saudi Arabia,1344,0
2020-01-01,Saudi Arabia,3007,0
2020-02-01,Saudi Arabia,407,1
2020-03-01,Saudi Arabia,44,1
2020-04-01,Saudi Arabia,1,1
2020-05-01,Saudi Arabia,1,1
2020-06-01,Saudi Arabia,0,1
2020-07-01,Saudi Arabia,2,1
2020-08-01,Saudi Arabia,5,1
2020-09-01,Saudi Arabia,3,1
2020-10-01,Saudi Arabia,11,1
2020-11-01,Saudi Arabia,11,1
2020-12-01,Saudi Arabia,2,1
2021-01-01,Saudi Arabia,11,1
2021-02-01,Saudi Arabia,7,1
2021-03-01,Saudi Arabia,1,1
2021-04-01,Saudi Arabia,7,1
2021-05-01,Saudi Arabia,2,1
2021-06-01,Saudi Arabia,1,1
2021-07-01,Saudi Arabia,6,1
2021-08-01,Saudi Arabia,32,1
2021-09-01,Saudi Arabia,17,1
2021-10-01,Saudi Arabia,27,1
2021-11-01,Saudi Arabia,39,1
2021-12-01,Saudi Arabia,46,1
2022-01-01,Saudi Arabia,37,0
2022-02-01,Saudi Arabia,29,0
2022-03-01,Saudi Arabia,79,0
2022-04-01,Saudi Arabia,201,0
2022-05-01,Saudi Arabia,333,0
2022-06-01,Saudi Arabia,558,0
2022-07-01,Saudi Arabia,1417,0
2022-08-01,Saudi Arabia,1190,0
2022-09-01,Saudi Arabia,813,0
2022-10-01,Saudi Arabia,738,0
2022-11-01,Saudi Arabia,1085,0
2022-12-01,Saudi Arabia,689,0
2023-01-01,Saudi Arabia,532,0
2023-02-01,Saudi Arabia,688,0
2023-03-01,Saudi Arabia,880,0
2023-04-01,Saudi Arabia,750,0
2023-05-01,Saudi Arabia,836,0
2023-06-01,Saudi Arabia,2965,0
2023-07-01,Saudi Arabia,5249,0
2023-08-01,Saudi Arabia,3123,0
2023-09-01,Saudi Arabia,1844,0
2023-10-01,Saudi Arabia,1764,0
2023-11-01,Saudi Arabia,2652,0
2023-12-01,Saudi Arabia,1568,0
2024-01-01,Saudi Arabia,2079,0
2024-02-01,Saudi Arabia,2003,0
2024-03-01,Saudi Arabia,812,0
2024-04-01,Saudi Arabia,1954,0
2024-05-01,Saudi Arabia,1384,0
2024-06-01,Saudi Arabia,3589,0
2024-07-01,Saudi Arabia,4544,0
2024-08-01,Saudi Arabia,3065,0
2024-09-01,Saudi Arabia,1929,0
2024-10-01,Saudi Arabia,1597,0
2024-11-01,Saudi Arabia,3429,0
2024-12-01,Saudi Arabia,1914,0
2025-01-01,Saudi Arabia,2381,0
2025-02-01,Saudi Arabia,1856,0
2025-03-01,Saudi Arabia,1401,0
2025-04-01,Saudi Arabia,2251,0
2025-05-01,Saudi Arabia,1616,0
2025-06-01,Saudi Arabia,3991,0
2025-07-01,Saudi Arabia,5047,0
2025-08-01,Saudi Arabia,3941,0
2025-09-01,Saudi Arabia,1950,0
2025-10-01,Saudi Arabia,1796,0
2025-11-01,Saudi Arabia,2979,0
2025-12-01,Saudi Arabia,1726,0
2026-01-01,Saudi Arabia,2719,0
2008-01-01,South Korea,50432,0
2008-02-01,South Korea,40998,0
2008-03-01,South Korea,39683,0
2008-04-01,South Korea,33946,0
2008-05-01,South Korea,36412,0
2008-06-01,South Korea,35998,0
2008-07-01,South Korea,39614,0
2008-08-01,South Korea,42338,0
2008-09-01,South Korea,25914,0
2008-10-01,South Korea,30930,0
2008-11-01,South Korea,24445,0
2008-12-01,South Korea,22308,0
2009-01-01,South Korea,25516,0
2009-02-01,South Korea,27387,0
2009-03-01,South Korea,20759,0
2009-04-01,South Korea,21323,0
2009-05-01,South Korea,21854,0
2009-06-01,South Korea,20991,0
2009-07-01,South Korea,30389,0
2009-08-01,South Korea,32332,0
2009-09-01,South Korea,15714,0
2009-10-01,South Korea,16069,0
2009-11-01,South Korea,19620,0
2009-12-01,South Korea,20033,0
2010-01-01,South Korea,39437,0
2010-02-01,South Korea,29589,0
2010-03-01,South Korea,30113,0
2010-04-01,South Korea,24785,0
2010-05-01,South Korea,32161,0
2010-06-01,South Korea,30033,0
2010-07-01,South Korea,32673,0
2010-08-01,South Korea,34169,0
2010-09-01,South Korea,25665,0
2010-10-01,South Korea,29009,0
2010-11-01,South Korea,27814,0
2010-12-01,South Korea,25255,0
2011-01-01,South Korea,41070,0
2011-02-01,South Korea,36810,0
2011-03-01,South Korea,29619,0
2011-04-01,South Korea,28004,0
2011-05-01,South Korea,33736,0
2011-06-01,South Korea,34233,0
2011-07-01,South Korea,40587,0
2011-08-01,South Korea,44364,0
2011-09-01,South Korea,30112,0
2011-10-01,South Korea,33594,0
2011-11-01,South Korea,33145,0
2011-12-01,South Korea,29605,0
2012-01-01,South Korea,45933,0
2012-02-01,South Korea,45397,0
2012-03-01,South Korea,34077,0
2012-04-01,South Korea,31252,0
2012-05-01,South Korea,33018,0
2012-06-01,South Korea,34394,0
2012-07-01,South Korea,42524,0
2012-08-01,South Korea,47383,0
2012-09-01,South Korea,31247,0
2012-10-01,South Korea,34713,0
2012-11-01,South Korea,34014,0
2012-12-01,South Korea,31232,0
2013-01-01,South Korea,53193,0
2013-02-01,South Korea,40229,0
2013-03-01,South Korea,36755,0
2013-04-01,South Korea,31296,0
2013-05-01,South Korea,33857,0
2013-06-01,South Korea,36409,0
2013-07-01,South Korea,41913,0
2013-08-01,South Korea,45986,0
2013-09-01,South Korea,35599,0
2013-10-01,South Korea,40157,0
2013-11-01,South Korea,40388,0
2013-12-01,South Korea,35986,0
2014-01-01,South Korea,59745,0
2014-02-01,South Korea,51930,0
2014-03-01,South Korea,40995,0
2014-04-01,South Korea,36247,0
2014-05-01,South Korea,41946,0
2014-06-01,South Korea,37589,0
2014-07-01,South Korea,46666,0
2014-08-01,South Korea,56623,0
2014-09-01,South Korea,39276,0
2014-10-01,South Korea,44810,0
2014-11-01,South Korea,40230,0
2014-12-01,South Korea,40918,0
2015-01-01,South Korea,71820,0
2015-02-01,South Korea,51415,0
2015-03-01,South Korea,42872,0
2015-04-01,South Korea,41602,0
2015-05-01,South Korea,43883,0
2015-06-01,South Korea,37193,0
2015-07-01,South Korea,48375,0
2015-08-01,South Korea,60468,0
2015-09-01,South Korea,39063,0
2015-10-01,South Korea,50582,0
2015-11-01,South Korea,44988,0
2015-12-01,South Korea,44821,0
2016-01-01,South Korea,74180,0
2016-02-01,South Korea,57595,0
2016-03-01,South Korea,40959,0
2016-04-01,South Korea,41356,0
2016-05-01,South Korea,44932,0
2016-06-01,South Korea,43766,0
2016-07-01,South Korea,54700,0
2016-08-01,South Korea,62018,0
2016-09-01,South Korea,37742,0
2016-10-01,South Korea,34346,0
2016-11-01,South Korea,36314,0
2016-12-01,South Korea,38601,0
2017-01-01,South Korea,60247,0
2017-02-01,South Korea,60174,0
2017-03-01,South Korea,43942,0
2017-04-01,South Korea,48829,0
2017-05-01,South Korea,52762,0
2017-06-01,South Korea,49487,0
2017-07-01,South Korea,58326,0
2017-08-01,South Korea,60957,0
2017-09-01,South Korea,47602,0
2017-10-01,South Korea,53430,0
2017-11-01,South Korea,52123,0
2017-12-01,South Korea,43484,0
2018-01-01,South Korea,75502,0
2018-02-01,South Korea,53161,0
2018-03-01,South Korea,49127,0
2018-04-01,South Korea,44550,0
2018-05-01,South Korea,46720,0
2018-06-01,South Korea,45325,0
2018-07-01,South Korea,57823,0
2018-08-01,South Korea,62729,0
2018-09-01,South Korea,47734,0
2018-10-01,South Korea,53926,0
2018-11-01,South Korea,50634,0
2018-12-01,South Korea,42223,0
2019-01-01,South Korea,72704,0
2019-02-01,South Korea,62241,0
2019-03-01,South Korea,47168,0
2019-04-01,South Korea,39464,0
2019-05-01,South Korea,43561,0
2019-06-01,South Korea,45706,0
2019-07-01,South Korea,59119,0
2019-08-01,South Korea,65643,0
2019-09-01,South Korea,51660,0
2019-10-01,South Korea,56598,0
2019-11-01,South Korea,52765,0
2019-12-01,South Korea,49219,0
2020-01-01,South Korea,70277,0
2020-02-01,South Korea,16195,1
2020-03-01,South Korea,1198,1
2020-04-01,South Korea,9,1
2020-05-01,South Korea,8,1
2020-06-01,South Korea,48,1
2020-07-01,South Korea,262,1
2020-08-01,South Korea,317,1
2020-09-01,South Korea,215,1
2020-10-01,South Korea,277,1
2020-11-01,South Korea,279,1
2020-12-01,South Korea,437,1
2021-01-01,South Korea,431,1
2021-02-01,South Korea,385,1
2021-03-01,South Korea,405,1
2021-04-01,South Korea,271,1
2021-05-01,South Korea,170,1
2021-06-01,South Korea,98,1
2021-07-01,South Korea,202,1
2021-08-01,South Korea,373,1
2021-09-01,South Korea,519,1
2021-10-01,South Korea,485,1
2021-11-01,South Korea,1600,1
2021-12-01,South Korea,2187,1
2022-01-01,South Korea,1953,0
2022-02-01,South Korea,1972,0
2022-03-01,South Korea,2686,0
2022-04-01,South Korea,5578,0
2022-05-01,South Korea,10614,0
2022-06-01,South Korea,16724,0
2022-07-01,South Korea,28570,0
2022-08-01,South Korea,31174,0
2022-09-01,South Korea,26520,0
2022-10-01,South Korea,28294,0
2022-11-01,South Korea,31627,0
2022-12-01,South Korea,31817,0
2023-01-01,South Korea,60457,0
2023-02-01,South Korea,64876,0
2023-03-01,South Korea,35396,0
2023-04-01,South Korea,31780,0
2023-05-01,South Korea,39203,0
2023-06-01,South Korea,40187,0
2023-07-01,South Korea,60960,0
2023-08-01,South Korea,62177,0
2023-09-01,South Korea,48187,0
2023-10-01,South Korea,45621,0
2023-11-01,South Korea,42614,0
2023-12-01,South Korea,39198,0
2024-01-01,South Korea,79254,0
2024-02-01,South Korea,69112,0
2024-03-01,South Korea,42064,0
2024-04-01,South Korea,37346,0
2024-05-01,South Korea,39825,0
2024-06-01,South Korea,39496,0
2024-07-01,South Korea,57399,0
2024-08-01,South Korea,60986,0
2024-09-01,South Korea,44886,0
2024-10-01,South Korea,42088,0
2024-11-01,South Korea,39600,0
2024-12-01,South Korea,42842,0
2025-01-01,South Korea,79301,0
2025-02-01,South Korea,72230,0
2025-03-01,South Korea,38446,0
2025-04-01,South Korea,32026,0
2025-05-01,South Korea,39936,0
2025-06-01,South Korea,36356,0
2025-07-01,South Korea,59416,0
2025-08-01,South Korea,64983,0
2025-09-01,South Korea,35676,0
2025-10-01,South Korea,50782,0
2025-11-01,South Korea,41934,0
2025-12-01,South Korea,35924,0
2026-01-01,South Korea,69227,0
2008-01-01,Spain,2032,0
2008-02-01,Spain,1795,0
2008-03-01,Spain,2819,0
2008-04-01,Spain,1970,0
2008-05-01,Spain,1715,0
2008-06-01,Spain,1672,0
2008-07-01,Spain,3364,0
2008-08-01,Spain,4595,0
2008-09-01,Spain,2550,0
2008-10-01,Spain,2333,0
2008-11-01,Spain,2623,0
2008-12-01,Spain,2498,0
2009-01-01,Spain,1957,0
2009-02-01,Spain,1838,0
2009-03-01,Spain,2259,0
2009-04-01,Spain,1965,0
2009-05-01,Spain,1898,0
2009-06-01,Spain,2152,0
2009-07-01,Spain,2842,0
2009-08-01,Spain,4449,0
2009-09-01,Spain,3032,0
2009-10-01,Spain,3155,0
2009-11-01,Spain,3008,0
2009-12-01,Spain,2316,0
2010-01-01,Spain,2174,0
2010-02-01,Spain,2275,0
2010-03-01,Spain,2940,0
2010-04-01,Spain,2222,0
2010-05-01,Spain,1918,0
2010-06-01,Spain,2352,0
2010-07-01,Spain,3267,0
2010-08-01,Spain,5274,0
2010-09-01,Spain,3066,0
2010-10-01,Spain,2959,0
2010-11-01,Spain,2750,0
2010-12-01,Spain,2568,0
2011-01-01,Spain,2200,0
2011-02-01,Spain,1973,0
2011-03-01,Spain,2811,0
2011-04-01,Spain,2744,0
2011-05-01,Spain,1963,0
2011-06-01,Spain,2015,0
2011-07-01,Spain,3336,0
2011-08-01,Spain,5411,0
2011-09-01,Spain,2948,0
2011-10-01,Spain,3343,0
2011-11-01,Spain,3173,0
2011-12-01,Spain,3060,0
2012-01-01,Spain,2473,0
2012-02-01,Spain,2398,0
2012-03-01,Spain,3107,0
2012-04-01,Spain,3051,0
2012-05-01,Spain,2131,0
2012-06-01,Spain,2263,0
2012-07-01,Spain,3663,0
2012-08-01,Spain,5802,0
2012-09-01,Spain,3565,0
2012-10-01,Spain,3646,0
2012-11-01,Spain,3264,0
2012-12-01,Spain,2415,0
2013-01-01,Spain,2516,0
2013-02-01,Spain,2530,0
2013-03-01,Spain,3469,0
2013-04-01,Spain,2508,0
2013-05-01,Spain,2317,0
2013-06-01,Spain,2278,0
2013-07-01,Spain,4024,0
2013-08-01,Spain,6584,0
2013-09-01,Spain,3636,0
2013-10-01,Spain,3257,0
2013-11-01,Spain,3338,0
2013-12-01,Spain,3050,0
2014-01-01,Spain,3095,0
2014-02-01,Spain,3022,0
2014-03-01,Spain,3444,0
2014-04-01,Spain,3394,0
2014-05-01,Spain,2657,0
2014-06-01,Spain,2515,0
2014-07-01,Spain,4047,0
2014-08-01,Spain,7295,0
2014-09-01,Spain,4153,0
2014-10-01,Spain,3488,0
2014-11-01,Spain,3757,0
2014-12-01,Spain,3348,0
2015-01-01,Spain,3546,0
2015-02-01,Spain,2893,0
2015-03-01,Spain,3715,0
2015-04-01,Spain,3094,0
2015-05-01,Spain,2953,0
2015-06-01,Spain,2717,0
2015-07-01,Spain,4875,0
2015-08-01,Spain,8377,0
2015-09-01,Spain,4330,0
2015-10-01,Spain,4046,0
2015-11-01,Spain,4464,0
2015-12-01,Spain,3064,0
2016-01-01,Spain,3432,0
2016-02-01,Spain,3159,0
2016-03-01,Spain,4382,0
2016-04-01,Spain,3156,0
2016-05-01,Spain,2973,0
2016-06-01,Spain,2541,0
2016-07-01,Spain,4973,0
2016-08-01,Spain,8652,0
2016-09-01,Spain,4377,0
2016-10-01,Spain,4166,0
2016-11-01,Spain,4088,0
2016-12-01,Spain,3592,0
2017-01-01,Spain,3529,0
2017-02-01,Spain,3625,0
2017-03-01,Spain,3866,0
2017-04-01,Spain,4391,0
2017-05-01,Spain,3244,0
2017-06-01,Spain,3305,0
2017-07-01,Spain,6321,0
2017-08-01,Spain,11064,0
2017-09-01,Spain,6101,0
2017-10-01,Spain,5534,0
2017-11-01,Spain,5615,0
2017-12-01,Spain,4041,0
2018-01-01,Spain,4664,0
2018-02-01,Spain,4399,0
2018-03-01,Spain,5684,0
2018-04-01,Spain,4483,0
2018-05-01,Spain,3770,0
2018-06-01,Spain,3811,0
2018-07-01,Spain,7079,0
2018-08-01,Spain,11978,0
2018-09-01,Spain,6652,0
2018-10-01,Spain,5138,0
2018-11-01,Spain,5173,0
2018-12-01,Spain,4053,0
2019-01-01,Spain,4212,0
2019-02-01,Spain,4065,0
2019-03-01,Spain,4274,0
2019-04-01,Spain,4865,0
2019-05-01,Spain,3374,0
2019-06-01,Spain,3746,0
2019-07-01,Spain,6997,0
2019-08-01,Spain,12701,0
2019-09-01,Spain,6479,0
2019-10-01,Spain,4798,0
2019-11-01,Spain,4946,0
2019-12-01,Spain,4942,0
2020-01-01,Spain,4872,0
2020-02-01,Spain,3892,1
2020-03-01,Spain,1306,1
2020-04-01,Spain,0,1
2020-05-01,Spain,1,1
2020-06-01,Spain,2,1
2020-07-01,Spain,29,1
2020-08-01,Spain,28,1
2020-09-01,Spain,44,1
2020-10-01,Spain,22,1
2020-11-01,Spain,30,1
2020-12-01,Spain,30,1
2021-01-01,Spain,58,1
2021-02-01,Spain,33,1
2021-03-01,Spain,25,1
2021-04-01,Spain,35,1
2021-05-01,Spain,6,1
2021-06-01,Spain,7,1
2021-07-01,Spain,24,1
2021-08-01,Spain,38,1
2021-09-01,Spain,44,1
2021-10-01,Spain,95,1
2021-11-01,Spain,199,1
2021-12-01,Spain,213,1
2022-01-01,Spain,238,0
2022-02-01,Spain,228,0
2022-03-01,Spain,391,0
2022-04-01,Spain,1137,0
2022-05-01,Spain,1291,0
2022-06-01,Spain,1603,0
2022-07-01,Spain,3331,0
2022-08-01,Spain,6867,0
2022-09-01,Spain,4841,0
2022-10-01,Spain,3987,0
2022-11-01,Spain,3939,0
2022-12-01,Spain,2604,0
2023-01-01,Spain,3229,0
2023-02-01,Spain,3302,0
2023-03-01,Spain,3936,0
2023-04-01,Spain,4517,0
2023-05-01,Spain,3689,0
2023-06-01,Spain,3562,0
2023-07-01,Spain,5983,0
2023-08-01,Spain,10525,0
2023-09-01,Spain,6203,0
2023-10-01,Spain,4717,0
2023-11-01,Spain,4098,0
2023-12-01,Spain,3531,0
2024-01-01,Spain,3992,0
2024-02-01,Spain,3659,0
2024-03-01,Spain,4731,0
2024-04-01,Spain,3814,0
2024-05-01,Spain,3704,0
2024-06-01,Spain,4259,0
2024-07-01,Spain,7998,0
2024-08-01,Spain,13721,0
2024-09-01,Spain,7460,0
2024-10-01,Spain,5487,0
2024-11-01,Spain,5432,0
2024-12-01,Spain,4362,0
2025-01-01,Spain,4376,0
2025-02-01,Spain,4278,0
2025-03-01,Spain,4586,0
2025-04-01,Spain,5561,0
2025-05-01,Spain,4008,0
2025-06-01,Spain,4557,0
2025-07-01,Spain,10880,0
2025-08-01,Spain,16966,0
2025-09-01,Spain,7984,0
2025-10-01,Spain,5364,0
2025-11-01,Spain,5048,0
2025-12-01,Spain,4391,0
2026-01-01,Spain,4762,0
2008-01-01,Sri Lanka,6211,0
2008-02-01,Sri Lanka,5789,0
2008-03-01,Sri Lanka,6073,0
2008-04-01,Sri Lanka,9426,0
2008-05-01,Sri Lanka,6283,0
2008-06-01,Sri Lanka,5799,0
2008-07-01,Sri Lanka,6286,0
2008-08-01,Sri Lanka,8029,0
2008-09-01,Sri Lanka,4969,0
2008-10-01,Sri Lanka,6018,0
2008-11-01,Sri Lanka,5631,0
2008-12-01,Sri Lanka,9304,0
2009-01-01,Sri Lanka,4322,0
2009-02-01,Sri Lanka,4598,0
2009-03-01,Sri Lanka,4340,0
2009-04-01,Sri Lanka,7845,0
2009-05-01,Sri Lanka,4544,0
2009-06-01,Sri Lanka,4992,0
2009-07-01,Sri Lanka,5820,0
2009-08-01,Sri Lanka,7523,0
2009-09-01,Sri Lanka,5616,0
2009-10-01,Sri Lanka,6242,0
2009-11-01,Sri Lanka,6078,0
2009-12-01,Sri Lanka,8090,0
2010-01-01,Sri Lanka,4770,0
2010-02-01,Sri Lanka,4734,0
2010-03-01,Sri Lanka,5375,0
2010-04-01,Sri Lanka,9961,0
2010-05-01,Sri Lanka,6043,0
2010-06-01,Sri Lanka,5750,0
2010-07-01,Sri Lanka,6207,0
2010-08-01,Sri Lanka,7816,0
2010-09-01,Sri Lanka,5759,0
2010-10-01,Sri Lanka,6295,0
2010-11-01,Sri Lanka,5786,0
2010-12-01,Sri Lanka,10477,0
2011-01-01,Sri Lanka,5721,0
2011-02-01,Sri Lanka,5908,0
2011-03-01,Sri Lanka,5635,0
2011-04-01,Sri Lanka,9706,0
2011-05-01,Sri Lanka,5744,0
2011-06-01,Sri Lanka,5296,0
2011-07-01,Sri Lanka,7585,0
2011-08-01,Sri Lanka,7586,0
2011-09-01,Sri Lanka,6394,0
2011-10-01,Sri Lanka,6469,0
2011-11-01,Sri Lanka,6560,0
2011-12-01,Sri Lanka,11387,0
2012-01-01,Sri Lanka,5407,0
2012-02-01,Sri Lanka,6251,0
2012-03-01,Sri Lanka,5286,0
2012-04-01,Sri Lanka,10243,0
2012-05-01,Sri Lanka,5346,0
2012-06-01,Sri Lanka,6040,0
2012-07-01,Sri Lanka,5847,0
2012-08-01,Sri Lanka,7979,0
2012-09-01,Sri Lanka,6398,0
2012-10-01,Sri Lanka,7229,0
2012-11-01,Sri Lanka,6607,0
2012-12-01,Sri Lanka,10726,0
2013-01-01,Sri Lanka,6741,0
2013-02-01,Sri Lanka,6392,0
2013-03-01,Sri Lanka,7474,0
2013-04-01,Sri Lanka,12588,0
2013-05-01,Sri Lanka,7066,0
2013-06-01,Sri Lanka,6206,0
2013-07-01,Sri Lanka,7038,0
2013-08-01,Sri Lanka,10237,0
2013-09-01,Sri Lanka,7144,0
2013-10-01,Sri Lanka,6932,0
2013-11-01,Sri Lanka,6408,0
2013-12-01,Sri Lanka,11380,0
2014-01-01,Sri Lanka,6440,0
2014-02-01,Sri Lanka,6006,0
2014-03-01,Sri Lanka,5772,0
2014-04-01,Sri Lanka,11131,0
2014-05-01,Sri Lanka,6994,0
2014-06-01,Sri Lanka,6369,0
2014-07-01,Sri Lanka,5711,0
2014-08-01,Sri Lanka,9649,0
2014-09-01,Sri Lanka,7536,0
2014-10-01,Sri Lanka,6987,0
2014-11-01,Sri Lanka,7603,0
2014-12-01,Sri Lanka,8608,0
2015-01-01,Sri Lanka,6139,0
2015-02-01,Sri Lanka,5987,0
2015-03-01,Sri Lanka,7640,0
2015-04-01,Sri Lanka,11103,0
2015-05-01,Sri Lanka,7652,0
2015-06-01,Sri Lanka,5832,0
2015-07-01,Sri Lanka,6782,0
2015-08-01,Sri Lanka,8965,0
2015-09-01,Sri Lanka,7477,0
2015-10-01,Sri Lanka,8083,0
2015-11-01,Sri Lanka,7432,0
2015-12-01,Sri Lanka,9960,0
2016-01-01,Sri Lanka,6624,0
2016-02-01,Sri Lanka,6577,0
2016-03-01,Sri Lanka,6699,0
2016-04-01,Sri Lanka,12708,0
2016-05-01,Sri Lanka,7434,0
2016-06-01,Sri Lanka,5764,0
2016-07-01,Sri Lanka,7919,0
2016-08-01,Sri Lanka,11142,0
2016-09-01,Sri Lanka,7745,0
2016-10-01,Sri Lanka,7825,0
2016-11-01,Sri Lanka,9161,0
2016-12-01,Sri Lanka,12307,0
2017-01-01,Sri Lanka,5931,0
2017-02-01,Sri Lanka,6246,0
2017-03-01,Sri Lanka,7058,0
2017-04-01,Sri Lanka,12363,0
2017-05-01,Sri Lanka,8870,0
2017-06-01,Sri Lanka,6806,0
2017-07-01,Sri Lanka,7806,0
2017-08-01,Sri Lanka,11805,0
2017-09-01,Sri Lanka,9322,0
2017-10-01,Sri Lanka,9313,0
2017-11-01,Sri Lanka,9585,0
2017-12-01,Sri Lanka,12684,0
2018-01-01,Sri Lanka,8059,0
2018-02-01,Sri Lanka,7316,0
2018-03-01,Sri Lanka,8101,0
2018-04-01,Sri Lanka,15128,0
2018-05-01,Sri Lanka,8880,0
2018-06-01,Sri Lanka,7904,0
2018-07-01,Sri Lanka,10183,0
2018-08-01,Sri Lanka,12264,0
2018-09-01,Sri Lanka,9442,0
2018-10-01,Sri Lanka,9312,0
2018-11-01,Sri Lanka,8097,0
2018-12-01,Sri Lanka,9116,0
2019-01-01,Sri Lanka,6367,0
2019-02-01,Sri Lanka,6277,0
2019-03-01,Sri Lanka,7044,0
2019-04-01,Sri Lanka,10438,0
2019-05-01,Sri Lanka,6772,0
2019-06-01,Sri Lanka,7221,0
2019-07-01,Sri Lanka,7768,0
2019-08-01,Sri Lanka,9693,0
2019-09-01,Sri Lanka,8314,0
2019-10-01,Sri Lanka,8108,0
2019-11-01,Sri Lanka,9755,0
2019-12-01,Sri Lanka,10983,0
2020-01-01,Sri Lanka,6236,0
2020-02-01,Sri Lanka,3591,1
2020-03-01,Sri Lanka,1660,1
2020-04-01,Sri Lanka,2,1
2020-05-01,Sri Lanka,5,1
2020-06-01,Sri Lanka,3,1
2020-07-01,Sri Lanka,18,1
2020-08-01,Sri Lanka,36,1
2020-09-01,Sri Lanka,32,1
2020-10-01,Sri Lanka,34,1
2020-11-01,Sri Lanka,46,1
2020-12-01,Sri Lanka,90,1
2021-01-01,Sri Lanka,172,1
2021-02-01,Sri Lanka,107,1
2021-03-01,Sri Lanka,238,1
2021-04-01,Sri Lanka,165,1
2021-05-01,Sri Lanka,5,1
2021-06-01,Sri Lanka,2,1
2021-07-01,Sri Lanka,2,1
2021-08-01,Sri Lanka,6,1
2021-09-01,Sri Lanka,15,1
2021-10-01,Sri Lanka,19,1
2021-11-01,Sri Lanka,150,1
2021-12-01,Sri Lanka,587,1
2022-01-01,Sri Lanka,444,0
2022-02-01,Sri Lanka,885,0
2022-03-01,Sri Lanka,1529,0
2022-04-01,Sri Lanka,2928,0
2022-05-01,Sri Lanka,2759,0
2022-06-01,Sri Lanka,2709,0
2022-07-01,Sri Lanka,3058,0
2022-08-01,Sri Lanka,3901,0
2022-09-01,Sri Lanka,4430,0
2022-10-01,Sri Lanka,4707,0
2022-11-01,Sri Lanka,3896,0
2022-12-01,Sri Lanka,4270,0
2023-01-01,Sri Lanka,3083,0
2023-02-01,Sri Lanka,3829,0
2023-03-01,Sri Lanka,4088,0
2023-04-01,Sri Lanka,4897,0
2023-05-01,Sri Lanka,4276,0
2023-06-01,Sri Lanka,4368,0
2023-07-01,Sri Lanka,4509,0
2023-08-01,Sri Lanka,5567,0
2023-09-01,Sri Lanka,5156,0
2023-10-01,Sri Lanka,4487,0
2023-11-01,Sri Lanka,5048,0
2023-12-01,Sri Lanka,5975,0
2024-01-01,Sri Lanka,5586,0
2024-02-01,Sri Lanka,4111,0
2024-03-01,Sri Lanka,4449,0
2024-04-01,Sri Lanka,6187,0
2024-05-01,Sri Lanka,5780,0
2024-06-01,Sri Lanka,5036,0
2024-07-01,Sri Lanka,4921,0
2024-08-01,Sri Lanka,5767,0
2024-09-01,Sri Lanka,5221,0
2024-10-01,Sri Lanka,4837,0
2024-11-01,Sri Lanka,4970,0
2024-12-01,Sri Lanka,6804,0
2025-01-01,Sri Lanka,4463,0
2025-02-01,Sri Lanka,4342,0
2025-03-01,Sri Lanka,4974,0
2025-04-01,Sri Lanka,7127,0
2025-05-01,Sri Lanka,6177,0
2025-06-01,Sri Lanka,4463,0
2025-07-01,Sri Lanka,6216,0
2025-08-01,Sri Lanka,7157,0
2025-09-01,Sri Lanka,5784,0
2025-10-01,Sri Lanka,6025,0
2025-11-01,Sri Lanka,6311,0
2025-12-01,Sri Lanka,5693,0
2026-01-01,Sri Lanka,4557,0
2008-01-01,Sweden,5036,0
2008-02-01,Sweden,4112,0
2008-03-01,Sweden,4248,0
2008-04-01,Sweden,2538,0
2008-05-01,Sweden,1768,0
2008-06-01,Sweden,1944,0
2008-07-01,Sweden,2114,0
2008-08-01,Sweden,1598,0
2008-09-01,Sweden,1848,0
2008-10-01,Sweden,2684,0
2008-11-01,Sweden,2951,0
2008-12-01,Sweden,4322,0
2009-01-01,Sweden,4682,0
2009-02-01,Sweden,3343,0
2009-03-01,Sweden,3114,0
2009-04-01,Sweden,2597,0
2009-05-01,Sweden,1621,0
2009-06-01,Sweden,1816,0
2009-07-01,Sweden,1829,0
2009-08-01,Sweden,1494,0
2009-09-01,Sweden,1957,0
2009-10-01,Sweden,2597,0
2009-11-01,Sweden,2959,0
2009-12-01,Sweden,3915,0
2010-01-01,Sweden,4708,0
2010-02-01,Sweden,3956,0
2010-03-01,Sweden,4166,0
2010-04-01,Sweden,2839,0
2010-05-01,Sweden,1822,0
2010-06-01,Sweden,2117,0
2010-07-01,Sweden,2057,0
2010-08-01,Sweden,1748,0
2010-09-01,Sweden,1772,0
2010-10-01,Sweden,2609,0
2010-11-01,Sweden,3276,0
2010-12-01,Sweden,4014,0
2011-01-01,Sweden,4840,0
2011-02-01,Sweden,3824,0
2011-03-01,Sweden,3720,0
2011-04-01,Sweden,2856,0
2011-05-01,Sweden,1926,0
2011-06-01,Sweden,2011,0
2011-07-01,Sweden,2455,0
2011-08-01,Sweden,1726,0
2011-09-01,Sweden,1901,0
2011-10-01,Sweden,3228,0
2011-11-01,Sweden,3947,0
2011-12-01,Sweden,4934,0
2012-01-01,Sweden,5682,0
2012-02-01,Sweden,5967,0
2012-03-01,Sweden,5175,0
2012-04-01,Sweden,3447,0
2012-05-01,Sweden,2008,0
2012-06-01,Sweden,2043,0
2012-07-01,Sweden,2430,0
2012-08-01,Sweden,1872,0
2012-09-01,Sweden,1905,0
2012-10-01,Sweden,3035,0
2012-11-01,Sweden,3875,0
2012-12-01,Sweden,5809,0
2013-01-01,Sweden,6892,0
2013-02-01,Sweden,5440,0
2013-03-01,Sweden,5395,0
2013-04-01,Sweden,3243,0
2013-05-01,Sweden,2199,0
2013-06-01,Sweden,2240,0
2013-07-01,Sweden,2710,0
2013-08-01,Sweden,2049,0
2013-09-01,Sweden,1952,0
2013-10-01,Sweden,3491,0
2013-11-01,Sweden,3593,0
2013-12-01,Sweden,6052,0
2014-01-01,Sweden,6910,0
2014-02-01,Sweden,5289,0
2014-03-01,Sweden,4821,0
2014-04-01,Sweden,3676,0
2014-05-01,Sweden,2417,0
2014-06-01,Sweden,2160,0
2014-07-01,Sweden,2716,0
2014-08-01,Sweden,1841,0
2014-09-01,Sweden,2034,0
2014-10-01,Sweden,3331,0
2014-11-01,Sweden,3498,0
2014-12-01,Sweden,5363,0
2015-01-01,Sweden,6295,0
2015-02-01,Sweden,4556,0
2015-03-01,Sweden,4284,0
2015-04-01,Sweden,3138,0
2015-05-01,Sweden,1985,0
2015-06-01,Sweden,2091,0
2015-07-01,Sweden,2911,0
2015-08-01,Sweden,1946,0
2015-09-01,Sweden,2102,0
2015-10-01,Sweden,3753,0
2015-11-01,Sweden,4078,0
2015-12-01,Sweden,5423,0
2016-01-01,Sweden,6852,0
2016-02-01,Sweden,5075,0
2016-03-01,Sweden,5278,0
2016-04-01,Sweden,3165,0
2016-05-01,Sweden,2063,0
2016-06-01,Sweden,1963,0
2016-07-01,Sweden,2991,0
2016-08-01,Sweden,1908,0
2016-09-01,Sweden,2076,0
2016-10-01,Sweden,3422,0
2016-11-01,Sweden,4142,0
2016-12-01,Sweden,4830,0
2017-01-01,Sweden,6232,0
2017-02-01,Sweden,5726,0
2017-03-01,Sweden,4664,0
2017-04-01,Sweden,3662,0
2017-05-01,Sweden,2079,0
2017-06-01,Sweden,2421,0
2017-07-01,Sweden,4027,0
2017-08-01,Sweden,2443,0
2017-09-01,Sweden,2226,0
2017-10-01,Sweden,4054,0
2017-11-01,Sweden,4425,0
2017-12-01,Sweden,6052,0
2018-01-01,Sweden,7574,0
2018-02-01,Sweden,6765,0
2018-03-01,Sweden,6403,0
2018-04-01,Sweden,3620,0
2018-05-01,Sweden,2143,0
2018-06-01,Sweden,2677,0
2018-07-01,Sweden,4279,0
2018-08-01,Sweden,2708,0
2018-09-01,Sweden,2306,0
2018-10-01,Sweden,4051,0
2018-11-01,Sweden,4308,0
2018-12-01,Sweden,6588,0
2019-01-01,Sweden,7721,0
2019-02-01,Sweden,5707,0
2019-03-01,Sweden,4849,0
2019-04-01,Sweden,3920,0
2019-05-01,Sweden,2402,0
2019-06-01,Sweden,2612,0
2019-07-01,Sweden,4199,0
2019-08-01,Sweden,2454,0
2019-09-01,Sweden,2307,0
2019-10-01,Sweden,3677,0
2019-11-01,Sweden,3908,0
2019-12-01,Sweden,6391,0
2020-01-01,Sweden,6982,0
2020-02-01,Sweden,4539,1
2020-03-01,Sweden,1486,1
2020-04-01,Sweden,0,1
2020-05-01,Sweden,2,1
2020-06-01,Sweden,1,1
2020-07-01,Sweden,12,1
2020-08-01,Sweden,23,1
2020-09-01,Sweden,9,1
2020-10-01,Sweden,24,1
2020-11-01,Sweden,15,1
2020-12-01,Sweden,21,1
2021-01-01,Sweden,37,1
2021-02-01,Sweden,19,1
2021-03-01,Sweden,50,1
2021-04-01,Sweden,29,1
2021-05-01,Sweden,6,1
2021-06-01,Sweden,2,1
2021-07-01,Sweden,24,1
2021-08-01,Sweden,41,1
2021-09-01,Sweden,31,1
2021-10-01,Sweden,53,1
2021-11-01,Sweden,42,1
2021-12-01,Sweden,211,1
2022-01-01,Sweden,214,0
2022-02-01,Sweden,237,0
2022-03-01,Sweden,337,0
2022-04-01,Sweden,635,0
2022-05-01,Sweden,720,0
2022-06-01,Sweden,942,0
2022-07-01,Sweden,1394,0
2022-08-01,Sweden,1075,0
2022-09-01,Sweden,1429,0
2022-10-01,Sweden,1913,0
2022-11-01,Sweden,2091,0
2022-12-01,Sweden,2510,0
2023-01-01,Sweden,3234,0
2023-02-01,Sweden,2967,0
2023-03-01,Sweden,2786,0
2023-04-01,Sweden,2150,0
2023-05-01,Sweden,1585,0
2023-06-01,Sweden,1538,0
2023-07-01,Sweden,1930,0
2023-08-01,Sweden,1396,0
2023-09-01,Sweden,1484,0
2023-10-01,Sweden,2273,0
2023-11-01,Sweden,2589,0
2023-12-01,Sweden,2846,0
2024-01-01,Sweden,3658,0
2024-02-01,Sweden,3178,0
2024-03-01,Sweden,2911,0
2024-04-01,Sweden,2123,0
2024-05-01,Sweden,1457,0
2024-06-01,Sweden,1984,0
2024-07-01,Sweden,2349,0
2024-08-01,Sweden,1442,0
2024-09-01,Sweden,1574,0
2024-10-01,Sweden,2402,0
2024-11-01,Sweden,2892,0
2024-12-01,Sweden,4024,0
2025-01-01,Sweden,4674,0
2025-02-01,Sweden,3959,0
2025-03-01,Sweden,3083,0
2025-04-01,Sweden,2317,0
2025-05-01,Sweden,1400,0
2025-06-01,Sweden,1961,0
2025-07-01,Sweden,2693,0
2025-08-01,Sweden,1652,0
2025-09-01,Sweden,1505,0
2025-10-01,Sweden,2956,0
2025-11-01,Sweden,2859,0
2025-12-01,Sweden,4301,0
2026-01-01,Sweden,5245,0
2008-01-01,Switzerland,4884,0
2008-02-01,Switzerland,4834,0
2008-03-01,Switzerland,5642,0
2008-04-01,Switzerland,5993,0
2008-05-01,Switzerland,5038,0
2008-06-01,Switzerland,3830,0
2008-07-01,Switzerland,5896,0
2008-08-01,Switzerland,5361,0
2008-09-01,Switzerland,4873,0
2008-10-01,Switzerland,6014,0
2008-11-01,Switzerland,6570,0
2008-12-01,Switzerland,5853,0
2009-01-01,Switzerland,5378,0
2009-02-01,Switzerland,5456,0
2009-03-01,Switzerland,5605,0
2009-04-01,Switzerland,6162,0
2009-05-01,Switzerland,4392,0
2009-06-01,Switzerland,3709,0
2009-07-01,Switzerland,6023,0
2009-08-01,Switzerland,4832,0
2009-09-01,Switzerland,4533,0
2009-10-01,Switzerland,6314,0
2009-11-01,Switzerland,6119,0
2009-12-01,Switzerland,5306,0
2010-01-01,Switzerland,6078,0
2010-02-01,Switzerland,6100,0
2010-03-01,Switzerland,6485,0
2010-04-01,Switzerland,6926,0
2010-05-01,Switzerland,6413,0
2010-06-01,Switzerland,4338,0
2010-07-01,Switzerland,6888,0
2010-08-01,Switzerland,6148,0
2010-09-01,Switzerland,4978,0
2010-10-01,Switzerland,7045,0
2010-11-01,Switzerland,7086,0
2010-12-01,Switzerland,5891,0
2011-01-01,Switzerland,6859,0
2011-02-01,Switzerland,6551,0
2011-03-01,Switzerland,7002,0
2011-04-01,Switzerland,7598,0
2011-05-01,Switzerland,5333,0
2011-06-01,Switzerland,4497,0
2011-07-01,Switzerland,7318,0
2011-08-01,Switzerland,6090,0
2011-09-01,Switzerland,5725,0
2011-10-01,Switzerland,7596,0
2011-11-01,Switzerland,7767,0
2011-12-01,Switzerland,6687,0
2012-01-01,Switzerland,7253,0
2012-02-01,Switzerland,7709,0
2012-03-01,Switzerland,7958,0
2012-04-01,Switzerland,7726,0
2012-05-01,Switzerland,5467,0
2012-06-01,Switzerland,4657,0
2012-07-01,Switzerland,8219,0
2012-08-01,Switzerland,6816,0
2012-09-01,Switzerland,5931,0
2012-10-01,Switzerland,7634,0
2012-11-01,Switzerland,7564,0
2012-12-01,Switzerland,6923,0
2013-01-01,Switzerland,7957,0
2013-02-01,Switzerland,7107,0
2013-03-01,Switzerland,7766,0
2013-04-01,Switzerland,7455,0
2013-05-01,Switzerland,6663,0
2013-06-01,Switzerland,5735,0
2013-07-01,Switzerland,10154,0
2013-08-01,Switzerland,7638,0
2013-09-01,Switzerland,7402,0
2013-10-01,Switzerland,9054,0
2013-11-01,Switzerland,8549,0
2013-12-01,Switzerland,8900,0
2014-01-01,Switzerland,9319,0
2014-02-01,Switzerland,8994,0
2014-03-01,Switzerland,8829,0
2014-04-01,Switzerland,10025,0
2014-05-01,Switzerland,6710,0
2014-06-01,Switzerland,5454,0
2014-07-01,Switzerland,10503,0
2014-08-01,Switzerland,8837,0
2014-09-01,Switzerland,7645,0
2014-10-01,Switzerland,9515,0
2014-11-01,Switzerland,8983,0
2014-12-01,Switzerland,8630,0
2015-01-01,Switzerland,9470,0
2015-02-01,Switzerland,8475,0
2015-03-01,Switzerland,8777,0
2015-04-01,Switzerland,9308,0
2015-05-01,Switzerland,6699,0
2015-06-01,Switzerland,5203,0
2015-07-01,Switzerland,10657,0
2015-08-01,Switzerland,8253,0
2015-09-01,Switzerland,6938,0
2015-10-01,Switzerland,9188,0
2015-11-01,Switzerland,9481,0
2015-12-01,Switzerland,8400,0
2016-01-01,Switzerland,9072,0
2016-02-01,Switzerland,9181,0
2016-03-01,Switzerland,8782,0
2016-04-01,Switzerland,9192,0
2016-05-01,Switzerland,6626,0
2016-06-01,Switzerland,4779,0
2016-07-01,Switzerland,10602,0
2016-08-01,Switzerland,8475,0
2016-09-01,Switzerland,7003,0
2016-10-01,Switzerland,10464,0
2016-11-01,Switzerland,8766,0
2016-12-01,Switzerland,8513,0
2017-01-01,Switzerland,9079,0
2017-02-01,Switzerland,9867,0
2017-03-01,Switzerland,8197,0
2017-04-01,Switzerland,11697,0
2017-05-01,Switzerland,6683,0
2017-06-01,Switzerland,5201,0
2017-07-01,Switzerland,10967,0
2017-08-01,Switzerland,8432,0
2017-09-01,Switzerland,7272,0
2017-10-01,Switzerland,9833,0
2017-11-01,Switzerland,9023,0
2017-12-01,Switzerland,8508,0
2018-01-01,Switzerland,9137,0
2018-02-01,Switzerland,9607,0
2018-03-01,Switzerland,9691,0
2018-04-01,Switzerland,9584,0
2018-05-01,Switzerland,6849,0
2018-06-01,Switzerland,5025,0
2018-07-01,Switzerland,10670,0
2018-08-01,Switzerland,8406,0
2018-09-01,Switzerland,7084,0
2018-10-01,Switzerland,9085,0
2018-11-01,Switzerland,8447,0
2018-12-01,Switzerland,8809,0
2019-01-01,Switzerland,9232,0
2019-02-01,Switzerland,8564,0
2019-03-01,Switzerland,8336,0
2019-04-01,Switzerland,9929,0
2019-05-01,Switzerland,6347,0
2019-06-01,Switzerland,5089,0
2019-07-01,Switzerland,9690,0
2019-08-01,Switzerland,7687,0
2019-09-01,Switzerland,6753,0
2019-10-01,Switzerland,8629,0
2019-11-01,Switzerland,8759,0
2019-12-01,Switzerland,8986,0
2020-01-01,Switzerland,8648,0
2020-02-01,Switzerland,7352,1
2020-03-01,Switzerland,2326,1
2020-04-01,Switzerland,0,1
2020-05-01,Switzerland,3,1
2020-06-01,Switzerland,12,1
2020-07-01,Switzerland,47,1
2020-08-01,Switzerland,49,1
2020-09-01,Switzerland,43,1
2020-10-01,Switzerland,77,1
2020-11-01,Switzerland,50,1
2020-12-01,Switzerland,63,1
2021-01-01,Switzerland,51,1
2021-02-01,Switzerland,77,1
2021-03-01,Switzerland,53,1
2021-04-01,Switzerland,49,1
2021-05-01,Switzerland,23,1
2021-06-01,Switzerland,12,1
2021-07-01,Switzerland,43,1
2021-08-01,Switzerland,108,1
2021-09-01,Switzerland,68,1
2021-10-01,Switzerland,78,1
2021-11-01,Switzerland,238,1
2021-12-01,Switzerland,515,1
2022-01-01,Switzerland,372,0
2022-02-01,Switzerland,576,0
2022-03-01,Switzerland,718,0
2022-04-01,Switzerland,1885,0
2022-05-01,Switzerland,2154,0
2022-06-01,Switzerland,2169,0
2022-07-01,Switzerland,4747,0
2022-08-01,Switzerland,4335,0
2022-09-01,Switzerland,4225,0
2022-10-01,Switzerland,5491,0
2022-11-01,Switzerland,5151,0
2022-12-01,Switzerland,4468,0
2023-01-01,Switzerland,5034,0
2023-02-01,Switzerland,6310,0
2023-03-01,Switzerland,5940,0
2023-04-01,Switzerland,7350,0
2023-05-01,Switzerland,5383,0
2023-06-01,Switzerland,3991,0
2023-07-01,Switzerland,8501,0
2023-08-01,Switzerland,6359,0
2023-09-01,Switzerland,6079,0
2023-10-01,Switzerland,7121,0
2023-11-01,Switzerland,6817,0
2023-12-01,Switzerland,6704,0
2024-01-01,Switzerland,7463,0
2024-02-01,Switzerland,7967,0
2024-03-01,Switzerland,7743,0
2024-04-01,Switzerland,8298,0
2024-05-01,Switzerland,6393,0
2024-06-01,Switzerland,4513,0
2024-07-01,Switzerland,10243,0
2024-08-01,Switzerland,7359,0
2024-09-01,Switzerland,6888,0
2024-10-01,Switzerland,8051,0
2024-11-01,Switzerland,7392,0
2024-12-01,Switzerland,7536,0
2025-01-01,Switzerland,8283,0
2025-02-01,Switzerland,8167,0
2025-03-01,Switzerland,7312,0
2025-04-01,Switzerland,9507,0
2025-05-01,Switzerland,6716,0
2025-06-01,Switzerland,5018,0
2025-07-01,Switzerland,11703,0
2025-08-01,Switzerland,7554,0
2025-09-01,Switzerland,6874,0
2025-10-01,Switzerland,8823,0
2025-11-01,Switzerland,7802,0
2025-12-01,Switzerland,8053,0
2026-01-01,Switzerland,8198,0
2008-01-01,Taiwan,16342,0
2008-02-01,Taiwan,17829,0
2008-03-01,Taiwan,13778,0
2008-04-01,Taiwan,13944,0
2008-05-01,Taiwan,14276,0
2008-06-01,Taiwan,13146,0
2008-07-01,Taiwan,19398,0
2008-08-01,Taiwan,16923,0
2008-09-01,Taiwan,12303,0
2008-10-01,Taiwan,13503,0
2008-11-01,Taiwan,12535,0
2008-12-01,Taiwan,11947,0
2009-01-01,Taiwan,15986,0
2009-02-01,Taiwan,12744,0
2009-03-01,Taiwan,12542,0
2009-04-01,Taiwan,11970,0
2009-05-01,Taiwan,11602,0
2009-06-01,Taiwan,11486,0
2009-07-01,Taiwan,17351,0
2009-08-01,Taiwan,17490,0
2009-09-01,Taiwan,10443,0
2009-10-01,Taiwan,13208,0
2009-11-01,Taiwan,11900,0
2009-12-01,Taiwan,10039,0
2010-01-01,Taiwan,15511,0
2010-02-01,Taiwan,17738,0
2010-03-01,Taiwan,15220,0
2010-04-01,Taiwan,14509,0
2010-05-01,Taiwan,17111,0
2010-06-01,Taiwan,13542,0
2010-07-01,Taiwan,23937,0
2010-08-01,Taiwan,20959,0
2010-09-01,Taiwan,13486,0
2010-10-01,Taiwan,13854,0
2010-11-01,Taiwan,13133,0
2010-12-01,Taiwan,12186,0
2011-01-01,Taiwan,18218,0
2011-02-01,Taiwan,19139,0
2011-03-01,Taiwan,15222,0
2011-04-01,Taiwan,18828,0
2011-05-01,Taiwan,18758,0
2011-06-01,Taiwan,20445,0
2011-07-01,Taiwan,33454,0
2011-08-01,Taiwan,26574,0
2011-09-01,Taiwan,19057,0
2011-10-01,Taiwan,17775,0
2011-11-01,Taiwan,15865,0
2011-12-01,Taiwan,15153,0
2012-01-01,Taiwan,27457,0
2012-02-01,Taiwan,27260,0
2012-03-01,Taiwan,21401,0
2012-04-01,Taiwan,22999,0
2012-05-01,Taiwan,20607,0
2012-06-01,Taiwan,21006,0
2012-07-01,Taiwan,33511,0
2012-08-01,Taiwan,27903,0
2012-09-01,Taiwan,18385,0
2012-10-01,Taiwan,20456,0
2012-11-01,Taiwan,20223,0
2012-12-01,Taiwan,20995,0
2013-01-01,Taiwan,32717,0
2013-02-01,Taiwan,39087,0
2013-03-01,Taiwan,22606,0
2013-04-01,Taiwan,24261,0
2013-05-01,Taiwan,22261,0
2013-06-01,Taiwan,29680,0
2013-07-01,Taiwan,47290,0
2013-08-01,Taiwan,40571,0
2013-09-01,Taiwan,27180,0
2013-10-01,Taiwan,23246,0
2013-11-01,Taiwan,22197,0
2013-12-01,Taiwan,19212,0
2014-01-01,Taiwan,32033,0
2014-02-01,Taiwan,32874,0
2014-03-01,Taiwan,22115,0
2014-04-01,Taiwan,25865,0
2014-05-01,Taiwan,26699,0
2014-06-01,Taiwan,25807,0
2014-07-01,Taiwan,44229,0
2014-08-01,Taiwan,38422,0
2014-09-01,Taiwan,25373,0
2014-10-01,Taiwan,24197,0
2014-11-01,Taiwan,21240,0
2014-12-01,Taiwan,18577,0
2015-01-01,Taiwan,30685,0
2015-02-01,Taiwan,40059,0
2015-03-01,Taiwan,24694,0
2015-04-01,Taiwan,29229,0
2015-05-01,Taiwan,25498,0
2015-06-01,Taiwan,30565,0
2015-07-01,Taiwan,50278,0
2015-08-01,Taiwan,45292,0
2015-09-01,Taiwan,27836,0
2015-10-01,Taiwan,27525,0
2015-11-01,Taiwan,24062,0
2015-12-01,Taiwan,22303,0
2016-01-01,Taiwan,37087,0
2016-02-01,Taiwan,42569,0
2016-03-01,Taiwan,27401,0
2016-04-01,Taiwan,33107,0
2016-05-01,Taiwan,28809,0
2016-06-01,Taiwan,36718,0
2016-07-01,Taiwan,46691,0
2016-08-01,Taiwan,42274,0
2016-09-01,Taiwan,30267,0
2016-10-01,Taiwan,26270,0
2016-11-01,Taiwan,21568,0
2016-12-01,Taiwan,21454,0
2017-01-01,Taiwan,36187,0
2017-02-01,Taiwan,38866,0
2017-03-01,Taiwan,27976,0
2017-04-01,Taiwan,30142,0
2017-05-01,Taiwan,31092,0
2017-06-01,Taiwan,30655,0
2017-07-01,Taiwan,48487,0
2017-08-01,Taiwan,42151,0
2017-09-01,Taiwan,29364,0
2017-10-01,Taiwan,33282,0
2017-11-01,Taiwan,25919,0
2017-12-01,Taiwan,21430,0
2018-01-01,Taiwan,34907,0
2018-02-01,Taiwan,47769,0
2018-03-01,Taiwan,30448,0
2018-04-01,Taiwan,35913,0
2018-05-01,Taiwan,28056,0
2018-06-01,Taiwan,34122,0
2018-07-01,Taiwan,52987,0
2018-08-01,Taiwan,46429,0
2018-09-01,Taiwan,32317,0
2018-10-01,Taiwan,30334,0
2018-11-01,Taiwan,25608,0
2018-12-01,Taiwan,24048,0
2019-01-01,Taiwan,40086,0
2019-02-01,Taiwan,42977,0
2019-03-01,Taiwan,29032,0
2019-04-01,Taiwan,32924,0
2019-05-01,Taiwan,28308,0
2019-06-01,Taiwan,34189,0
2019-07-01,Taiwan,55340,0
2019-08-01,Taiwan,45776,0
2019-09-01,Taiwan,33138,0
2019-10-01,Taiwan,34588,0
2019-11-01,Taiwan,28548,0
2019-12-01,Taiwan,20723,0
2020-01-01,Taiwan,42608,0
2020-02-01,Taiwan,16922,1
2020-03-01,Taiwan,1419,1
2020-04-01,Taiwan,2,1
2020-05-01,Taiwan,4,1
2020-06-01,Taiwan,34,1
2020-07-01,Taiwan,115,1
2020-08-01,Taiwan,113,1
2020-09-01,Taiwan,128,1
2020-10-01,Taiwan,152,1
2020-11-01,Taiwan,146,1
2020-12-01,Taiwan,244,1
2021-01-01,Taiwan,325,1
2021-02-01,Taiwan,231,1
2021-03-01,Taiwan,316,1
2021-04-01,Taiwan,302,1
2021-05-01,Taiwan,178,1
2021-06-01,Taiwan,29,1
2021-07-01,Taiwan,79,1
2021-08-01,Taiwan,456,1
2021-09-01,Taiwan,442,1
2021-10-01,Taiwan,378,1
2021-11-01,Taiwan,279,1
2021-12-01,Taiwan,392,1
2022-01-01,Taiwan,430,0
2022-02-01,Taiwan,531,0
2022-03-01,Taiwan,597,0
2022-04-01,Taiwan,1052,0
2022-05-01,Taiwan,1961,0
2022-06-01,Taiwan,3302,0
2022-07-01,Taiwan,6104,0
2022-08-01,Taiwan,7420,0
2022-09-01,Taiwan,7918,0
2022-10-01,Taiwan,10543,0
2022-11-01,Taiwan,12592,0
2022-12-01,Taiwan,12603,0
2023-01-01,Taiwan,31444,0
2023-02-01,Taiwan,25037,0
2023-03-01,Taiwan,19204,0
2023-04-01,Taiwan,25280,0
2023-05-01,Taiwan,24313,0
2023-06-01,Taiwan,28980,0
2023-07-01,Taiwan,43097,0
2023-08-01,Taiwan,38432,0
2023-09-01,Taiwan,25818,0
2023-10-01,Taiwan,28466,0
2023-11-01,Taiwan,21575,0
2023-12-01,Taiwan,17394,0
2024-01-01,Taiwan,38454,0
2024-02-01,Taiwan,45705,0
2024-03-01,Taiwan,30344,0
2024-04-01,Taiwan,30309,0
2024-05-01,Taiwan,28797,0
2024-06-01,Taiwan,34154,0
2024-07-01,Taiwan,49930,0
2024-08-01,Taiwan,42282,0
2024-09-01,Taiwan,30408,0
2024-10-01,Taiwan,29237,0
2024-11-01,Taiwan,23190,0
2024-12-01,Taiwan,20557,0
2025-01-01,Taiwan,46126,0
2025-02-01,Taiwan,33492,0
2025-03-01,Taiwan,26892,0
2025-04-01,Taiwan,31428,0
2025-05-01,Taiwan,35961,0
2025-06-01,Taiwan,32582,0
2025-07-01,Taiwan,54386,0
2025-08-01,Taiwan,47731,0
2025-09-01,Taiwan,26379,0
2025-10-01,Taiwan,41971,0
2025-11-01,Taiwan,25070,0
2025-12-01,Taiwan,20670,0
2026-01-01,Taiwan,36073,0
2008-01-01,Thailand,25851,0
2008-02-01,Thailand,23320,0
2008-03-01,Thailand,31641,0
2008-04-01,Thailand,36226,0
2008-05-01,Thailand,30487,0
2008-06-01,Thailand,26211,0
2008-07-01,Thailand,28884,0
2008-08-01,Thailand,25901,0
2008-09-01,Thailand,24530,0
2008-10-01,Thailand,34193,0
2008-11-01,Thailand,21914,0
2008-12-01,Thailand,24747,0
2009-01-01,Thailand,22661,0
2009-02-01,Thailand,23335,0
2009-03-01,Thailand,28055,0
2009-04-01,Thailand,32151,0
2009-05-01,Thailand,27066,0
2009-06-01,Thailand,24479,0
2009-07-01,Thailand,26643,0
2009-08-01,Thailand,23533,0
2009-09-01,Thailand,23587,0
2009-10-01,Thailand,35977,0
2009-11-01,Thailand,23588,0
2009-12-01,Thailand,26830,0
2010-01-01,Thailand,24635,0
2010-02-01,Thailand,23154,0
2010-03-01,Thailand,31815,0
2010-04-01,Thailand,50657,0
2010-05-01,Thailand,38925,0
2010-06-01,Thailand,30712,0
2010-07-01,Thailand,37256,0
2010-08-01,Thailand,34804,0
2010-09-01,Thailand,30711,0
2010-10-01,Thailand,57951,0
2010-11-01,Thailand,30197,0
2010-12-01,Thailand,39250,0
2011-01-01,Thailand,33230,0
2011-02-01,Thailand,31019,0
2011-03-01,Thailand,45728,0
2011-04-01,Thailand,55662,0
2011-05-01,Thailand,44274,0
2011-06-01,Thailand,32783,0
2011-07-01,Thailand,40848,0
2011-08-01,Thailand,34385,0
2011-09-01,Thailand,33009,0
2011-10-01,Thailand,53133,0
2011-11-01,Thailand,29299,0
2011-12-01,Thailand,39338,0
2012-01-01,Thailand,28725,0
2012-02-01,Thailand,33176,0
2012-03-01,Thailand,43230,0
2012-04-01,Thailand,56217,0
2012-05-01,Thailand,42583,0
2012-06-01,Thailand,34526,0
2012-07-01,Thailand,34542,0
2012-08-01,Thailand,38137,0
2012-09-01,Thailand,34926,0
2012-10-01,Thailand,57136,0
2012-11-01,Thailand,33908,0
2012-12-01,Thailand,40548,0
2013-01-01,Thailand,32897,0
2013-02-01,Thailand,30311,0
2013-03-01,Thailand,44202,0
2013-04-01,Thailand,54728,0
2013-05-01,Thailand,48171,0
2013-06-01,Thailand,36018,0
2013-07-01,Thailand,41912,0
2013-08-01,Thailand,36548,0
2013-09-01,Thailand,36254,0
2013-10-01,Thailand,58887,0
2013-11-01,Thailand,34685,0
2013-12-01,Thailand,42796,0
2014-01-01,Thailand,35263,0
2014-02-01,Thailand,35161,0
2014-03-01,Thailand,46338,0
2014-04-01,Thailand,56136,0
2014-05-01,Thailand,46683,0
2014-06-01,Thailand,39083,0
2014-07-01,Thailand,43785,0
2014-08-01,Thailand,40849,0
2014-09-01,Thailand,35122,0
2014-10-01,Thailand,53916,0
2014-11-01,Thailand,35138,0
2014-12-01,Thailand,39035,0
2015-01-01,Thailand,36798,0
2015-02-01,Thailand,29889,0
2015-03-01,Thailand,43504,0
2015-04-01,Thailand,47838,0
2015-05-01,Thailand,45674,0
2015-06-01,Thailand,40121,0
2015-07-01,Thailand,45729,0
2015-08-01,Thailand,39579,0
2015-09-01,Thailand,39567,0
2015-10-01,Thailand,63693,0
2015-11-01,Thailand,38576,0
2015-12-01,Thailand,45441,0
2016-01-01,Thailand,44330,0
2016-02-01,Thailand,38650,0
2016-03-01,Thailand,48381,0
2016-04-01,Thailand,62514,0
2016-05-01,Thailand,52331,0
2016-06-01,Thailand,36982,0
2016-07-01,Thailand,49788,0
2016-08-01,Thailand,39434,0
2016-09-01,Thailand,36911,0
2016-10-01,Thailand,58094,0
2016-11-01,Thailand,35520,0
2016-12-01,Thailand,43619,0
2017-01-01,Thailand,36813,0
2017-02-01,Thailand,38502,0
2017-03-01,Thailand,47025,0
2017-04-01,Thailand,58504,0
2017-05-01,Thailand,47074,0
2017-06-01,Thailand,34623,0
2017-07-01,Thailand,48620,0
2017-08-01,Thailand,40993,0
2017-09-01,Thailand,39692,0
2017-10-01,Thailand,61448,0
2017-11-01,Thailand,39331,0
2017-12-01,Thailand,38710,0
2018-01-01,Thailand,38143,0
2018-02-01,Thailand,34566,0
2018-03-01,Thailand,47744,0
2018-04-01,Thailand,61015,0
2018-05-01,Thailand,49858,0
2018-06-01,Thailand,38113,0
2018-07-01,Thailand,53379,0
2018-08-01,Thailand,40452,0
2018-09-01,Thailand,40580,0
2018-10-01,Thailand,65734,0
2018-11-01,Thailand,38796,0
2018-12-01,Thailand,37270,0
2019-01-01,Thailand,34822,0
2019-02-01,Thailand,33685,0
2019-03-01,Thailand,45072,0
2019-04-01,Thailand,57010,0
2019-05-01,Thailand,45735,0
2019-06-01,Thailand,35558,0
2019-07-01,Thailand,51916,0
2019-08-01,Thailand,39919,0
2019-09-01,Thailand,39776,0
2019-10-01,Thailand,63335,0
2019-11-01,Thailand,40986,0
2019-12-01,Thailand,40733,0
2020-01-01,Thailand,34152,0
2020-02-01,Thailand,24667,1
2020-03-01,Thailand,2898,1
2020-04-01,Thailand,153,1
2020-05-01,Thailand,138,1
2020-06-01,Thailand,158,1
2020-07-01,Thailand,243,1
2020-08-01,Thailand,206,1
2020-09-01,Thailand,260,1
2020-10-01,Thailand,229,1
2020-11-01,Thailand,195,1
2020-12-01,Thailand,323,1
2021-01-01,Thailand,221,1
2021-02-01,Thailand,179,1
2021-03-01,Thailand,178,1
2021-04-01,Thailand,246,1
2021-05-01,Thailand,163,1
2021-06-01,Thailand,99,1
2021-07-01,Thailand,334,1
2021-08-01,Thailand,264,1
2021-09-01,Thailand,290,1
2021-10-01,Thailand,623,1
2021-11-01,Thailand,361,1
2021-12-01,Thailand,1421,1
2022-01-01,Thailand,1060,0
2022-02-01,Thailand,1622,0
2022-03-01,Thailand,3038,0
2022-04-01,Thailand,10647,0
2022-05-01,Thailand,18487,0
2022-06-01,Thailand,23406,0
2022-07-01,Thailand,36615,0
2022-08-01,Thailand,33284,0
2022-09-01,Thailand,32426,0
2022-10-01,Thailand,52274,0
2022-11-01,Thailand,34566,0
2022-12-01,Thailand,36006,0
2023-01-01,Thailand,29735,0
2023-02-01,Thailand,37156,0
2023-03-01,Thailand,43145,0
2023-04-01,Thailand,49727,0
2023-05-01,Thailand,40375,0
2023-06-01,Thailand,31029,0
2023-07-01,Thailand,41367,0
2023-08-01,Thailand,34938,0
2023-09-01,Thailand,32307,0
2023-10-01,Thailand,53442,0
2023-11-01,Thailand,26808,0
2023-12-01,Thailand,29987,0
2024-01-01,Thailand,27194,0
2024-02-01,Thailand,31089,0
2024-03-01,Thailand,45975,0
2024-04-01,Thailand,42507,0
2024-05-01,Thailand,32818,0
2024-06-01,Thailand,25459,0
2024-07-01,Thailand,32834,0
2024-08-01,Thailand,27966,0
2024-09-01,Thailand,27707,0
2024-10-01,Thailand,44447,0
2024-11-01,Thailand,26740,0
2024-12-01,Thailand,30436,0
2025-01-01,Thailand,23423,0
2025-02-01,Thailand,26711,0
2025-03-01,Thailand,29757,0
2025-04-01,Thailand,41843,0
2025-05-01,Thailand,39123,0
2025-06-01,Thailand,26174,0
2025-07-01,Thailand,36228,0
2025-08-01,Thailand,31917,0
2025-09-01,Thailand,26947,0
2025-10-01,Thailand,49763,0
2025-11-01,Thailand,27797,0
2025-12-01,Thailand,26805,0
2026-01-01,Thailand,26311,0
2008-01-01,USA,36447,0
2008-02-01,USA,33006,0
2008-03-01,USA,39004,0
2008-04-01,USA,31189,0
2008-05-01,USA,30862,0
2008-06-01,USA,35304,0
2008-07-01,USA,39087,0
2008-08-01,USA,32440,0
2008-09-01,USA,25160,0
2008-10-01,USA,31842,0
2008-11-01,USA,30713,0
2008-12-01,USA,31577,0
2009-01-01,USA,28845,0
2009-02-01,USA,26724,0
2009-03-01,USA,32022,0
2009-04-01,USA,28287,0
2009-05-01,USA,26832,0
2009-06-01,USA,32615,0
2009-07-01,USA,37270,0
2009-08-01,USA,32539,0
2009-09-01,USA,25190,0
2009-10-01,USA,32734,0
2009-11-01,USA,34402,0
2009-12-01,USA,33244,0
2010-01-01,USA,35514,0
2010-02-01,USA,31167,0
2010-03-01,USA,37123,0
2010-04-01,USA,33480,0
2010-05-01,USA,32124,0
2010-06-01,USA,39055,0
2010-07-01,USA,41173,0
2010-08-01,USA,34225,0
2010-09-01,USA,27957,0
2010-10-01,USA,36707,0
2010-11-01,USA,34324,0
2010-12-01,USA,34346,0
2011-01-01,USA,38267,0
2011-02-01,USA,33944,0
2011-03-01,USA,43236,0
2011-04-01,USA,34124,0
2011-05-01,USA,34105,0
2011-06-01,USA,39712,0
2011-07-01,USA,43187,0
2011-08-01,USA,34221,0
2011-09-01,USA,29821,0
2011-10-01,USA,36840,0
2011-11-01,USA,36701,0
2011-12-01,USA,36418,0
2012-01-01,USA,38922,0
2012-02-01,USA,41970,0
2012-03-01,USA,45720,0
2012-04-01,USA,35169,0
2012-05-01,USA,36739,0
2012-06-01,USA,43468,0
2012-07-01,USA,44265,0
2012-08-01,USA,36979,0
2012-09-01,USA,32008,0
2012-10-01,USA,38016,0
2012-11-01,USA,40170,0
2012-12-01,USA,43787,0
2013-01-01,USA,45736,0
2013-02-01,USA,40696,0
2013-03-01,USA,46881,0
2013-04-01,USA,38908,0
2013-05-01,USA,36909,0
2013-06-01,USA,45860,0
2013-07-01,USA,45176,0
2013-08-01,USA,39079,0
2013-09-01,USA,33741,0
2013-10-01,USA,37555,0
2013-11-01,USA,39620,0
2013-12-01,USA,41785,0
2014-01-01,USA,43746,0
2014-02-01,USA,44052,0
2014-03-01,USA,49729,0
2014-04-01,USA,36594,0
2014-05-01,USA,35355,0
2014-06-01,USA,41609,0
2014-07-01,USA,43508,0
2014-08-01,USA,38067,0
2014-09-01,USA,33053,0
2014-10-01,USA,36306,0
2014-11-01,USA,39705,0
2014-12-01,USA,43188,0
2015-01-01,USA,46845,0
2015-02-01,USA,42427,0
2015-03-01,USA,48341,0
2015-04-01,USA,36186,0
2015-05-01,USA,37117,0
2015-06-01,USA,44929,0
2015-07-01,USA,45139,0
2015-08-01,USA,39090,0
2015-09-01,USA,32749,0
2015-10-01,USA,39683,0
2015-11-01,USA,41457,0
2015-12-01,USA,45546,0
2016-01-01,USA,48852,0
2016-02-01,USA,42751,0
2016-03-01,USA,46658,0
2016-04-01,USA,39355,0
2016-05-01,USA,38422,0
2016-06-01,USA,46155,0
2016-07-01,USA,47089,0
2016-08-01,USA,38116,0
2016-09-01,USA,33262,0
2016-10-01,USA,40277,0
2016-11-01,USA,44971,0
2016-12-01,USA,50542,0
2017-01-01,USA,51562,0
2017-02-01,USA,49370,0
2017-03-01,USA,52107,0
2017-04-01,USA,40662,0
2017-05-01,USA,40789,0
2017-06-01,USA,52583,0
2017-07-01,USA,53111,0
2017-08-01,USA,41163,0
2017-09-01,USA,36834,0
2017-10-01,USA,40428,0
2017-11-01,USA,52454,0
2017-12-01,USA,54367,0
2018-01-01,USA,57991,0
2018-02-01,USA,54240,0
2018-03-01,USA,61354,0
2018-04-01,USA,50463,0
2018-05-01,USA,45553,0
2018-06-01,USA,57674,0
2018-07-01,USA,60786,0
2018-08-01,USA,46269,0
2018-09-01,USA,42379,0
2018-10-01,USA,46260,0
2018-11-01,USA,56184,0
2018-12-01,USA,64115,0
2019-01-01,USA,67151,0
2019-02-01,USA,56240,0
2019-03-01,USA,65415,0
2019-04-01,USA,54189,0
2019-05-01,USA,51455,0
2019-06-01,USA,67088,0
2019-07-01,USA,71343,0
2019-08-01,USA,54865,0
2019-09-01,USA,49493,0
2019-10-01,USA,52674,0
2019-11-01,USA,63363,0
2019-12-01,USA,76133,0
2020-01-01,USA,72577,0
2020-02-01,USA,37568,1
2020-03-01,USA,10408,1
2020-04-01,USA,13,1
2020-05-01,USA,34,1
2020-06-01,USA,130,1
2020-07-01,USA,360,1
2020-08-01,USA,400,1
2020-09-01,USA,356,1
2020-10-01,USA,407,1
2020-11-01,USA,414,1
2020-12-01,USA,515,1
2021-01-01,USA,509,1
2021-02-01,USA,387,1
2021-03-01,USA,423,1
2021-04-01,USA,563,1
2021-05-01,USA,254,1
2021-06-01,USA,206,1
2021-07-01,USA,685,1
2021-08-01,USA,828,1
2021-09-01,USA,652,1
2021-10-01,USA,840,1
2021-11-01,USA,1890,1
2021-12-01,USA,3720,1
2022-01-01,USA,2264,0
2022-02-01,USA,3775,0
2022-03-01,USA,5448,0
2022-04-01,USA,12001,0
2022-05-01,USA,19764,0
2022-06-01,USA,30990,0
2022-07-01,USA,39120,0
2022-08-01,USA,34497,0
2022-09-01,USA,34503,0
2022-10-01,USA,36734,0
2022-11-01,USA,45666,0
2022-12-01,USA,53688,0
2023-01-01,USA,50492,0
2023-02-01,USA,52830,0
2023-03-01,USA,54157,0
2023-04-01,USA,44779,0
2023-05-01,USA,50898,0
2023-06-01,USA,59074,0
2023-07-01,USA,64786,0
2023-08-01,USA,48489,0
2023-09-01,USA,46605,0
2023-10-01,USA,44140,0
2023-11-01,USA,58805,0
2023-12-01,USA,65946,0
2024-01-01,USA,62008,0
2024-02-01,USA,60333,0
2024-03-01,USA,64440,0
2024-04-01,USA,49741,0
2024-05-01,USA,54520,0
2024-06-01,USA,61459,0
2024-07-01,USA,65204,0
2024-08-01,USA,51082,0
2024-09-01,USA,47493,0
2024-10-01,USA,50339,0
2024-11-01,USA,61005,0
2024-12-01,USA,64842,0
2025-01-01,USA,70962,0
2025-02-01,USA,65777,0
2025-03-01,USA,68300,0
2025-04-01,USA,54197,0
2025-05-01,USA,47768,0
2025-06-01,USA,62920,0
2025-07-01,USA,67604,0
2025-08-01,USA,49956,0
2025-09-01,USA,44191,0
2025-10-01,USA,50146,0
2025-11-01,USA,63161,0
2025-12-01,USA,71927,0
2026-01-01,USA,71508,0
2008-01-01,United Arab Emirates,2946,0
2008-02-01,United Arab Emirates,2439,0
2008-03-01,United Arab Emirates,3642,0
2008-04-01,United Arab Emirates,3491,0
2008-05-01,United Arab Emirates,3029,0
2008-06-01,United Arab Emirates,4625,0
2008-07-01,United Arab Emirates,8182,0
2008-08-01,United Arab Emirates,7253,0
2008-09-01,United Arab Emirates,3266,0
2008-10-01,United Arab Emirates,3898,0
2008-11-01,United Arab Emirates,3082,0
2008-12-01,United Arab Emirates,5317,0
2009-01-01,United Arab Emirates,3598,0
2009-02-01,United Arab Emirates,2678,0
2009-03-01,United Arab Emirates,3631,0
2009-04-01,United Arab Emirates,4177,0
2009-05-01,United Arab Emirates,3557,0
2009-06-01,United Arab Emirates,4115,0
2009-07-01,United Arab Emirates,6655,0
2009-08-01,United Arab Emirates,5466,0
2009-09-01,United Arab Emirates,3644,0
2009-10-01,United Arab Emirates,3078,0
2009-11-01,United Arab Emirates,4631,0
2009-12-01,United Arab Emirates,4299,0
2010-01-01,United Arab Emirates,3686,0
2010-02-01,United Arab Emirates,3036,0
2010-03-01,United Arab Emirates,3842,0
2010-04-01,United Arab Emirates,4301,0
2010-05-01,United Arab Emirates,3764,0
2010-06-01,United Arab Emirates,4620,0
2010-07-01,United Arab Emirates,8870,0
2010-08-01,United Arab Emirates,6133,0
2010-09-01,United Arab Emirates,4299,0
2010-10-01,United Arab Emirates,3683,0
2010-11-01,United Arab Emirates,5729,0
2010-12-01,United Arab Emirates,4513,0
2011-01-01,United Arab Emirates,3992,0
2011-02-01,United Arab Emirates,3429,0
2011-03-01,United Arab Emirates,4654,0
2011-04-01,United Arab Emirates,4447,0
2011-05-01,United Arab Emirates,4179,0
2011-06-01,United Arab Emirates,5064,0
2011-07-01,United Arab Emirates,9149,0
2011-08-01,United Arab Emirates,6637,0
2011-09-01,United Arab Emirates,4660,0
2011-10-01,United Arab Emirates,3710,0
2011-11-01,United Arab Emirates,6958,0
2011-12-01,United Arab Emirates,5857,0
2012-01-01,United Arab Emirates,3990,0
2012-02-01,United Arab Emirates,4211,0
2012-03-01,United Arab Emirates,6088,0
2012-04-01,United Arab Emirates,5282,0
2012-05-01,United Arab Emirates,4312,0
2012-06-01,United Arab Emirates,5716,0
2012-07-01,United Arab Emirates,7448,0
2012-08-01,United Arab Emirates,8068,0
2012-09-01,United Arab Emirates,4588,0
2012-10-01,United Arab Emirates,5100,0
2012-11-01,United Arab Emirates,4305,0
2012-12-01,United Arab Emirates,6444,0
2013-01-01,United Arab Emirates,4424,0
2013-02-01,United Arab Emirates,3873,0
2013-03-01,United Arab Emirates,6560,0
2013-04-01,United Arab Emirates,6582,0
2013-05-01,United Arab Emirates,4477,0
2013-06-01,United Arab Emirates,5375,0
2013-07-01,United Arab Emirates,6403,0
2013-08-01,United Arab Emirates,10701,0
2013-09-01,United Arab Emirates,5089,0
2013-10-01,United Arab Emirates,7356,0
2013-11-01,United Arab Emirates,4674,0
2013-12-01,United Arab Emirates,7039,0
2014-01-01,United Arab Emirates,3843,0
2014-02-01,United Arab Emirates,4072,0
2014-03-01,United Arab Emirates,6286,0
2014-04-01,United Arab Emirates,6512,0
2014-05-01,United Arab Emirates,4609,0
2014-06-01,United Arab Emirates,5676,0
2014-07-01,United Arab Emirates,8544,0
2014-08-01,United Arab Emirates,11862,0
2014-09-01,United Arab Emirates,5012,0
2014-10-01,United Arab Emirates,6704,0
2014-11-01,United Arab Emirates,4754,0
2014-12-01,United Arab Emirates,7868,0
2015-01-01,United Arab Emirates,4612,0
2015-02-01,United Arab Emirates,3871,0
2015-03-01,United Arab Emirates,7588,0
2015-04-01,United Arab Emirates,6628,0
2015-05-01,United Arab Emirates,5278,0
2015-06-01,United Arab Emirates,5101,0
2015-07-01,United Arab Emirates,10044,0
2015-08-01,United Arab Emirates,10164,0
2015-09-01,United Arab Emirates,6781,0
2015-10-01,United Arab Emirates,4984,0
2015-11-01,United Arab Emirates,5450,0
2015-12-01,United Arab Emirates,8192,0
2016-01-01,United Arab Emirates,5048,0
2016-02-01,United Arab Emirates,4470,0
2016-03-01,United Arab Emirates,8349,0
2016-04-01,United Arab Emirates,6712,0
2016-05-01,United Arab Emirates,5670,0
2016-06-01,United Arab Emirates,4478,0
2016-07-01,United Arab Emirates,11168,0
2016-08-01,United Arab Emirates,9881,0
2016-09-01,United Arab Emirates,7531,0
2016-10-01,United Arab Emirates,4527,0
2016-11-01,United Arab Emirates,4803,0
2016-12-01,United Arab Emirates,7575,0
2017-01-01,United Arab Emirates,4578,0
2017-02-01,United Arab Emirates,4834,0
2017-03-01,United Arab Emirates,8333,0
2017-04-01,United Arab Emirates,6122,0
2017-05-01,United Arab Emirates,5125,0
2017-06-01,United Arab Emirates,6688,0
2017-07-01,United Arab Emirates,9640,0
2017-08-01,United Arab Emirates,10315,0
2017-09-01,United Arab Emirates,5695,0
2017-10-01,United Arab Emirates,4922,0
2017-11-01,United Arab Emirates,5592,0
2017-12-01,United Arab Emirates,7163,0
2018-01-01,United Arab Emirates,4689,0
2018-02-01,United Arab Emirates,4311,0
2018-03-01,United Arab Emirates,8694,0
2018-04-01,United Arab Emirates,6215,0
2018-05-01,United Arab Emirates,4811,0
2018-06-01,United Arab Emirates,4969,0
2018-07-01,United Arab Emirates,9444,0
2018-08-01,United Arab Emirates,10476,0
2018-09-01,United Arab Emirates,5174,0
2018-10-01,United Arab Emirates,5129,0
2018-11-01,United Arab Emirates,5652,0
2018-12-01,United Arab Emirates,6704,0
2019-01-01,United Arab Emirates,4805,0
2019-02-01,United Arab Emirates,4409,0
2019-03-01,United Arab Emirates,7546,0
2019-04-01,United Arab Emirates,7716,0
2019-05-01,United Arab Emirates,5297,0
2019-06-01,United Arab Emirates,6917,0
2019-07-01,United Arab Emirates,9561,0
2019-08-01,United Arab Emirates,11049,0
2019-09-01,United Arab Emirates,5312,0
2019-10-01,United Arab Emirates,5338,0
2019-11-01,United Arab Emirates,6406,0
2019-12-01,United Arab Emirates,7174,0
2020-01-01,United Arab Emirates,4178,0
2020-02-01,United Arab Emirates,2268,1
2020-03-01,United Arab Emirates,587,1
2020-04-01,United Arab Emirates,2,1
2020-05-01,United Arab Emirates,1,1
2020-06-01,United Arab Emirates,19,1
2020-07-01,United Arab Emirates,75,1
2020-08-01,United Arab Emirates,44,1
2020-09-01,United Arab Emirates,69,1
2020-10-01,United Arab Emirates,73,1
2020-11-01,United Arab Emirates,48,1
2020-12-01,United Arab Emirates,93,1
2021-01-01,United Arab Emirates,70,1
2021-02-01,United Arab Emirates,58,1
2021-03-01,United Arab Emirates,67,1
2021-04-01,United Arab Emirates,59,1
2021-05-01,United Arab Emirates,42,1
2021-06-01,United Arab Emirates,22,1
2021-07-01,United Arab Emirates,42,1
2021-08-01,United Arab Emirates,78,1
2021-09-01,United Arab Emirates,82,1
2021-10-01,United Arab Emirates,127,1
2021-11-01,United Arab Emirates,152,1
2021-12-01,United Arab Emirates,141,1
2022-01-01,United Arab Emirates,110,0
2022-02-01,United Arab Emirates,203,0
2022-03-01,United Arab Emirates,1084,0
2022-04-01,United Arab Emirates,2539,0
2022-05-01,United Arab Emirates,3047,0
2022-06-01,United Arab Emirates,3012,0
2022-07-01,United Arab Emirates,6322,0
2022-08-01,United Arab Emirates,5974,0
2022-09-01,United Arab Emirates,4980,0
2022-10-01,United Arab Emirates,4671,0
2022-11-01,United Arab Emirates,4888,0
2022-12-01,United Arab Emirates,6135,0
2023-01-01,United Arab Emirates,4074,0
2023-02-01,United Arab Emirates,4971,0
2023-03-01,United Arab Emirates,6795,0
2023-04-01,United Arab Emirates,6714,0
2023-05-01,United Arab Emirates,5240,0
2023-06-01,United Arab Emirates,7525,0
2023-07-01,United Arab Emirates,9793,0
2023-08-01,United Arab Emirates,8749,0
2023-09-01,United Arab Emirates,6769,0
2023-10-01,United Arab Emirates,5534,0
2023-11-01,United Arab Emirates,5120,0
2023-12-01,United Arab Emirates,7156,0
2024-01-01,United Arab Emirates,4759,0
2024-02-01,United Arab Emirates,4982,0
2024-03-01,United Arab Emirates,7311,0
2024-04-01,United Arab Emirates,10518,0
2024-05-01,United Arab Emirates,5435,0
2024-06-01,United Arab Emirates,6516,0
2024-07-01,United Arab Emirates,11518,0
2024-08-01,United Arab Emirates,10764,0
2024-09-01,United Arab Emirates,7831,0
2024-10-01,United Arab Emirates,7301,0
2024-11-01,United Arab Emirates,6699,0
2024-12-01,United Arab Emirates,7869,0
2025-01-01,United Arab Emirates,5750,0
2025-02-01,United Arab Emirates,6240,0
2025-03-01,United Arab Emirates,9571,0
2025-04-01,United Arab Emirates,8860,0
2025-05-01,United Arab Emirates,7438,0
2025-06-01,United Arab Emirates,7971,0
2025-07-01,United Arab Emirates,12316,0
2025-08-01,United Arab Emirates,11549,0
2025-09-01,United Arab Emirates,8573,0
2025-10-01,United Arab Emirates,7900,0
2025-11-01,United Arab Emirates,7776,0
2025-12-01,United Arab Emirates,8590,0
2026-01-01,United Arab Emirates,5466,0
2008-01-01,United Kingdom,47618,0
2008-02-01,United Kingdom,51188,0
2008-03-01,United Kingdom,61272,0
2008-04-01,United Kingdom,41655,0
2008-05-01,United Kingdom,29792,0
2008-06-01,United Kingdom,27584,0
2008-07-01,United Kingdom,33489,0
2008-08-01,United Kingdom,39102,0
2008-09-01,United Kingdom,34252,0
2008-10-01,United Kingdom,39729,0
2008-11-01,United Kingdom,43751,0
2008-12-01,United Kingdom,43612,0
2009-01-01,United Kingdom,41545,0
2009-02-01,United Kingdom,47261,0
2009-03-01,United Kingdom,52839,0
2009-04-01,United Kingdom,41624,0
2009-05-01,United Kingdom,29423,0
2009-06-01,United Kingdom,26545,0
2009-07-01,United Kingdom,34318,0
2009-08-01,United Kingdom,37583,0
2009-09-01,United Kingdom,34753,0
2009-10-01,United Kingdom,40669,0
2009-11-01,United Kingdom,43734,0
2009-12-01,United Kingdom,39590,0
2010-01-01,United Kingdom,44532,0
2010-02-01,United Kingdom,47583,0
2010-03-01,United Kingdom,54457,0
2010-04-01,United Kingdom,41364,0
2010-05-01,United Kingdom,29301,0
2010-06-01,United Kingdom,25742,0
2010-07-01,United Kingdom,31818,0
2010-08-01,United Kingdom,35000,0
2010-09-01,United Kingdom,31704,0
2010-10-01,United Kingdom,37587,0
2010-11-01,United Kingdom,43263,0
2010-12-01,United Kingdom,39570,0
2011-01-01,United Kingdom,41430,0
2011-02-01,United Kingdom,41679,0
2011-03-01,United Kingdom,49776,0
2011-04-01,United Kingdom,44974,0
2011-05-01,United Kingdom,28285,0
2011-06-01,United Kingdom,24474,0
2011-07-01,United Kingdom,30667,0
2011-08-01,United Kingdom,34980,0
2011-09-01,United Kingdom,33964,0
2011-10-01,United Kingdom,36372,0
2011-11-01,United Kingdom,39094,0
2011-12-01,United Kingdom,37068,0
2012-01-01,United Kingdom,40139,0
2012-02-01,United Kingdom,47150,0
2012-03-01,United Kingdom,52121,0
2012-04-01,United Kingdom,38489,0
2012-05-01,United Kingdom,26743,0
2012-06-01,United Kingdom,25663,0
2012-07-01,United Kingdom,31208,0
2012-08-01,United Kingdom,34351,0
2012-09-01,United Kingdom,34867,0
2012-10-01,United Kingdom,38087,0
2012-11-01,United Kingdom,39523,0
2012-12-01,United Kingdom,38331,0
2013-01-01,United Kingdom,42983,0
2013-02-01,United Kingdom,44608,0
2013-03-01,United Kingdom,52527,0
2013-04-01,United Kingdom,38620,0
2013-05-01,United Kingdom,27724,0
2013-06-01,United Kingdom,28866,0
2013-07-01,United Kingdom,35349,0
2013-08-01,United Kingdom,39533,0
2013-09-01,United Kingdom,36541,0
2013-10-01,United Kingdom,36491,0
2013-11-01,United Kingdom,39370,0
2013-12-01,United Kingdom,38994,0
2014-01-01,United Kingdom,42345,0
2014-02-01,United Kingdom,43998,0
2014-03-01,United Kingdom,49474,0
2014-04-01,United Kingdom,43708,0
2014-05-01,United Kingdom,27667,0
2014-06-01,United Kingdom,25135,0
2014-07-01,United Kingdom,32056,0
2014-08-01,United Kingdom,38360,0
2014-09-01,United Kingdom,35981,0
2014-10-01,United Kingdom,36986,0
2014-11-01,United Kingdom,37919,0
2014-12-01,United Kingdom,38438,0
2015-01-01,United Kingdom,44923,0
2015-02-01,United Kingdom,47051,0
2015-03-01,United Kingdom,50741,0
2015-04-01,United Kingdom,39822,0
2015-05-01,United Kingdom,28125,0
2015-06-01,United Kingdom,25543,0
2015-07-01,United Kingdom,36643,0
2015-08-01,United Kingdom,41077,0
2015-09-01,United Kingdom,37374,0
2015-10-01,United Kingdom,40871,0
2015-11-01,United Kingdom,42034,0
2015-12-01,United Kingdom,39757,0
2016-01-01,United Kingdom,48413,0
2016-02-01,United Kingdom,48378,0
2016-03-01,United Kingdom,54800,0
2016-04-01,United Kingdom,45552,0
2016-05-01,United Kingdom,27667,0
2016-06-01,United Kingdom,24413,0
2016-07-01,United Kingdom,37272,0
2016-08-01,United Kingdom,43301,0
2016-09-01,United Kingdom,36529,0
2016-10-01,United Kingdom,43841,0
2016-11-01,United Kingdom,39718,0
2016-12-01,United Kingdom,39465,0
2017-01-01,United Kingdom,46364,0
2017-02-01,United Kingdom,54456,0
2017-03-01,United Kingdom,58635,0
2017-04-01,United Kingdom,48170,0
2017-05-01,United Kingdom,30066,0
2017-06-01,United Kingdom,27974,0
2017-07-01,United Kingdom,38424,0
2017-08-01,United Kingdom,43467,0
2017-09-01,United Kingdom,42423,0
2017-10-01,United Kingdom,41920,0
2017-11-01,United Kingdom,45133,0
2017-12-01,United Kingdom,42007,0
2018-01-01,United Kingdom,51537,0
2018-02-01,United Kingdom,57901,0
2018-03-01,United Kingdom,68106,0
2018-04-01,United Kingdom,54566,0
2018-05-01,United Kingdom,33852,0
2018-06-01,United Kingdom,30952,0
2018-07-01,United Kingdom,44778,0
2018-08-01,United Kingdom,51036,0
2018-09-01,United Kingdom,53207,0
2018-10-01,United Kingdom,48279,0
2018-11-01,United Kingdom,48748,0
2018-12-01,United Kingdom,46047,0
2019-01-01,United Kingdom,59288,0
2019-02-01,United Kingdom,62481,0
2019-03-01,United Kingdom,66796,0
2019-04-01,United Kingdom,56004,0
2019-05-01,United Kingdom,34740,0
2019-06-01,United Kingdom,32813,0
2019-07-01,United Kingdom,43869,0
2019-08-01,United Kingdom,50718,0
2019-09-01,United Kingdom,49918,0
2019-10-01,United Kingdom,48679,0
2019-11-01,United Kingdom,48343,0
2019-12-01,United Kingdom,54172,0
2020-01-01,United Kingdom,61634,0
2020-02-01,United Kingdom,49475,1
2020-03-01,United Kingdom,20614,1
2020-04-01,United Kingdom,18,1
2020-05-01,United Kingdom,17,1
2020-06-01,United Kingdom,77,1
2020-07-01,United Kingdom,278,1
2020-08-01,United Kingdom,239,1
2020-09-01,United Kingdom,253,1
2020-10-01,United Kingdom,205,1
2020-11-01,United Kingdom,267,1
2020-12-01,United Kingdom,290,1
2021-01-01,United Kingdom,111,1
2021-02-01,United Kingdom,146,1
2021-03-01,United Kingdom,168,1
2021-04-01,United Kingdom,136,1
2021-05-01,United Kingdom,92,1
2021-06-01,United Kingdom,100,1
2021-07-01,United Kingdom,291,1
2021-08-01,United Kingdom,367,1
2021-09-01,United Kingdom,391,1
2021-10-01,United Kingdom,965,1
2021-11-01,United Kingdom,2117,1
2021-12-01,United Kingdom,3668,1
2022-01-01,United Kingdom,2362,0
2022-02-01,United Kingdom,3797,0
2022-03-01,United Kingdom,5498,0
2022-04-01,United Kingdom,10811,0
2022-05-01,United Kingdom,12737,0
2022-06-01,United Kingdom,14906,0
2022-07-01,United Kingdom,22493,0
2022-08-01,United Kingdom,27611,0
2022-09-01,United Kingdom,29963,0
2022-10-01,United Kingdom,30244,0
2022-11-01,United Kingdom,33269,0
2022-12-01,United Kingdom,33051,0
2023-01-01,United Kingdom,38123,0
2023-02-01,United Kingdom,45785,0
2023-03-01,United Kingdom,50330,0
2023-04-01,United Kingdom,41576,0
2023-05-01,United Kingdom,30608,0
2023-06-01,United Kingdom,24244,0
2023-07-01,United Kingdom,36886,0
2023-08-01,United Kingdom,41765,0
2023-09-01,United Kingdom,38715,0
2023-10-01,United Kingdom,36194,0
2023-11-01,United Kingdom,43195,0
2023-12-01,United Kingdom,46184,0
2024-01-01,United Kingdom,59068,0
2024-02-01,United Kingdom,68148,0
2024-03-01,United Kingdom,73518,0
2024-04-01,United Kingdom,47507,0
2024-05-01,United Kingdom,33195,0
2024-06-01,United Kingdom,28752,0
2024-07-01,United Kingdom,42233,0
2024-08-01,United Kingdom,47305,0
2024-09-01,United Kingdom,43032,0
2024-10-01,United Kingdom,43943,0
2024-11-01,United Kingdom,48607,0
2024-12-01,United Kingdom,44650,0
2025-01-01,United Kingdom,56474,0
2025-02-01,United Kingdom,60238,0
2025-03-01,United Kingdom,63276,0
2025-04-01,United Kingdom,56713,0
2025-05-01,United Kingdom,37413,0
2025-06-01,United Kingdom,30327,0
2025-07-01,United Kingdom,47971,0
2025-08-01,United Kingdom,53247,0
2025-09-01,United Kingdom,39297,0
2025-10-01,United Kingdom,47267,0
2025-11-01,United Kingdom,49372,0
2025-12-01,United Kingdom,45761,0
2026-01-01,United Kingdom,55541,0
2008-01-01,Vietnam,12927,0
2008-02-01,Vietnam,17171,0
2008-03-01,Vietnam,17961,0
2008-04-01,Vietnam,19097,0
2008-05-01,Vietnam,18193,0
2008-06-01,Vietnam,27272,0
2008-07-01,Vietnam,29462,0
2008-08-01,Vietnam,24828,0
2008-09-01,Vietnam,16065,0
2008-10-01,Vietnam,18719,0
2008-11-01,Vietnam,17701,0
2008-12-01,Vietnam,19903,0
2009-01-01,Vietnam,19870,0
2009-02-01,Vietnam,19292,0
2009-03-01,Vietnam,18307,0
2009-04-01,Vietnam,21663,0
2009-05-01,Vietnam,20397,0
2009-06-01,Vietnam,28171,0
2009-07-01,Vietnam,32814,0
2009-08-01,Vietnam,24506,0
2009-09-01,Vietnam,17520,0
2009-10-01,Vietnam,20939,0
2009-11-01,Vietnam,19905,0
2009-12-01,Vietnam,22030,0
2010-01-01,Vietnam,19109,0
2010-02-01,Vietnam,20478,0
2010-03-01,Vietnam,21338,0
2010-04-01,Vietnam,26681,0
2010-05-01,Vietnam,26153,0
2010-06-01,Vietnam,35590,0
2010-07-01,Vietnam,43861,0
2010-08-01,Vietnam,32844,0
2010-09-01,Vietnam,24338,0
2010-10-01,Vietnam,24692,0
2010-11-01,Vietnam,21246,0
2010-12-01,Vietnam,26550,0
2011-01-01,Vietnam,19704,0
2011-02-01,Vietnam,26850,0
2011-03-01,Vietnam,23756,0
2011-04-01,Vietnam,24152,0
2011-05-01,Vietnam,24500,0
2011-06-01,Vietnam,36751,0
2011-07-01,Vietnam,45542,0
2011-08-01,Vietnam,30612,0
2011-09-01,Vietnam,26678,0
2011-10-01,Vietnam,23285,0
2011-11-01,Vietnam,23406,0
2011-12-01,Vietnam,26995,0
2012-01-01,Vietnam,27160,0
2012-02-01,Vietnam,26059,0
2012-03-01,Vietnam,28214,0
2012-04-01,Vietnam,29837,0
2012-05-01,Vietnam,30562,0
2012-06-01,Vietnam,39560,0
2012-07-01,Vietnam,46521,0
2012-08-01,Vietnam,33230,0
2012-09-01,Vietnam,25917,0
2012-10-01,Vietnam,25749,0
2012-11-01,Vietnam,25249,0
2012-12-01,Vietnam,28176,0
2013-01-01,Vietnam,22879,0
2013-02-01,Vietnam,28981,0
2013-03-01,Vietnam,27732,0
2013-04-01,Vietnam,31863,0
2013-05-01,Vietnam,30496,0
2013-06-01,Vietnam,42194,0
2013-07-01,Vietnam,47834,0
2013-08-01,Vietnam,34980,0
2013-09-01,Vietnam,28276,0
2013-10-01,Vietnam,29011,0
2013-11-01,Vietnam,27353,0
2013-12-01,Vietnam,28896,0
2014-01-01,Vietnam,26071,0
2014-02-01,Vietnam,33053,0
2014-03-01,Vietnam,31060,0
2014-04-01,Vietnam,30234,0
2014-05-01,Vietnam,36630,0
2014-06-01,Vietnam,48999,0
2014-07-01,Vietnam,55951,0
2014-08-01,Vietnam,41775,0
2014-09-01,Vietnam,28960,0
2014-10-01,Vietnam,30552,0
2014-11-01,Vietnam,29938,0
2014-12-01,Vietnam,31185,0
2015-01-01,Vietnam,28632,0
2015-02-01,Vietnam,28150,0
2015-03-01,Vietnam,30907,0
2015-04-01,Vietnam,36472,0
2015-05-01,Vietnam,35974,0
2015-06-01,Vietnam,45490,0
2015-07-01,Vietnam,54711,0
2015-08-01,Vietnam,39519,0
2015-09-01,Vietnam,28282,0
2015-10-01,Vietnam,30686,0
2015-11-01,Vietnam,29284,0
2015-12-01,Vietnam,30159,0
2016-01-01,Vietnam,29145,0
2016-02-01,Vietnam,35731,0
2016-03-01,Vietnam,33122,0
2016-04-01,Vietnam,38398,0
2016-05-01,Vietnam,40046,0
2016-06-01,Vietnam,52449,0
2016-07-01,Vietnam,59800,0
2016-08-01,Vietnam,46773,0
2016-09-01,Vietnam,32777,0
2016-10-01,Vietnam,32192,0
2016-11-01,Vietnam,33482,0
2016-12-01,Vietnam,35494,0
2017-01-01,Vietnam,35367,0
2017-02-01,Vietnam,34586,0
2017-03-01,Vietnam,37887,0
2017-04-01,Vietnam,39370,0
2017-05-01,Vietnam,43434,0
2017-06-01,Vietnam,62831,0
2017-07-01,Vietnam,71153,0
2017-08-01,Vietnam,51866,0
2017-09-01,Vietnam,40270,0
2017-10-01,Vietnam,39013,0
2017-11-01,Vietnam,36964,0
2017-12-01,Vietnam,38618,0
2018-01-01,Vietnam,35882,0
2018-02-01,Vietnam,42823,0
2018-03-01,Vietnam,41109,0
2018-04-01,Vietnam,48758,0
2018-05-01,Vietnam,53025,0
2018-06-01,Vietnam,69697,0
2018-07-01,Vietnam,79816,0
2018-08-01,Vietnam,60051,0
2018-09-01,Vietnam,43407,0
2018-10-01,Vietnam,41185,0
2018-11-01,Vietnam,38089,0
2018-12-01,Vietnam,37772,0
2019-01-01,Vietnam,32747,0
2019-02-01,Vietnam,44283,0
2019-03-01,Vietnam,41153,0
2019-04-01,Vietnam,45613,0
2019-05-01,Vietnam,49071,0
2019-06-01,Vietnam,72441,0
2019-07-01,Vietnam,78515,0
2019-08-01,Vietnam,59034,0
2019-09-01,Vietnam,44012,0
2019-10-01,Vietnam,41501,0
2019-11-01,Vietnam,45125,0
2019-12-01,Vietnam,38451,0
2020-01-01,Vietnam,46350,0
2020-02-01,Vietnam,19791,1
2020-03-01,Vietnam,5390,1
2020-04-01,Vietnam,5,1
2020-05-01,Vietnam,11,1
2020-06-01,Vietnam,40,1
2020-07-01,Vietnam,169,1
2020-08-01,Vietnam,230,1
2020-09-01,Vietnam,310,1
2020-10-01,Vietnam,759,1
2020-11-01,Vietnam,566,1
2020-12-01,Vietnam,803,1
2021-01-01,Vietnam,553,1
2021-02-01,Vietnam,286,1
2021-03-01,Vietnam,363,1
2021-04-01,Vietnam,239,1
2021-05-01,Vietnam,147,1
2021-06-01,Vietnam,36,1
2021-07-01,Vietnam,116,1
2021-08-01,Vietnam,89,1
2021-09-01,Vietnam,104,1
2021-10-01,Vietnam,264,1
2021-11-01,Vietnam,407,1
2021-12-01,Vietnam,840,1
2022-01-01,Vietnam,627,0
2022-02-01,Vietnam,1055,0
2022-03-01,Vietnam,2932,0
2022-04-01,Vietnam,16657,0
2022-05-01,Vietnam,21570,0
2022-06-01,Vietnam,36857,0
2022-07-01,Vietnam,48870,0
2022-08-01,Vietnam,48939,0
2022-09-01,Vietnam,41129,0
2022-10-01,Vietnam,36242,0
2022-11-01,Vietnam,30175,0
2022-12-01,Vietnam,27661,0
2023-01-01,Vietnam,31824,0
2023-02-01,Vietnam,27896,0
2023-03-01,Vietnam,31347,0
2023-04-01,Vietnam,36630,0
2023-05-01,Vietnam,50765,0
2023-06-01,Vietnam,48924,0
2023-07-01,Vietnam,60188,0
2023-08-01,Vietnam,51381,0
2023-09-01,Vietnam,34736,0
2023-10-01,Vietnam,32730,0
2023-11-01,Vietnam,27484,0
2023-12-01,Vietnam,24680,0
2024-01-01,Vietnam,25911,0
2024-02-01,Vietnam,31776,0
2024-03-01,Vietnam,35358,0
2024-04-01,Vietnam,30810,0
2024-05-01,Vietnam,31215,0
2024-06-01,Vietnam,42327,0
2024-07-01,Vietnam,50619,0
2024-08-01,Vietnam,43400,0
2024-09-01,Vietnam,27636,0
2024-10-01,Vietnam,27140,0
2024-11-01,Vietnam,24350,0
2024-12-01,Vietnam,22642,0
2025-01-01,Vietnam,26655,0
2025-02-01,Vietnam,23212,0
2025-03-01,Vietnam,23240,0
2025-04-01,Vietnam,26579,0
2025-05-01,Vietnam,30069,0
2025-06-01,Vietnam,37168,0
2025-07-01,Vietnam,45102,0
2025-08-01,Vietnam,37835,0
2025-09-01,Vietnam,23385,0
2025-10-01,Vietnam,26319,0
2025-11-01,Vietnam,24030,0
2025-12-01,Vietnam,20692,0
2026-01-01,Vietnam,22702,0
